,FileNames,ransacReprojThreshold,combinations,calculated_theta(degrees),average_distance,original_num_features,rotated_num_features,num_good_matches,detector_type,elapsed_time(s),successful_merge,distance_from_feature_after_merge,percentage_outliers,calculated_scale
0,2RobotsFull_R2_res0.05.pgm_2RobotsFull_R1_res0.05.pgm,0,0,-180.0,1521.0655172413792,567,658,290,sift,11.745783567428589,False,738.2942504882812,0.8403361344537815,1.0212765957446808
1,2RobotsFull_R1_res0.05.pgm_MiniOverlap_R1_res0.05.pgm,0,1,112.33285203005431,1376.08038585209,658,694,311,sift,7.035991668701172,False,399.5592956542969,2.0689655172413794,0.3685880296081294
2,2RobotsFull_R1_res0.05.pgm_MiniOverlap_R2_res0.05.pgm,0,2,-49.82801318165792,1400.5060240963855,658,708,332,sift,7.2614781856536865,False,489.6537780761719,1.1976047904191618,0.36688998222702146
3,2RobotsFull_R1_res0.05.pgm_FuulPath_res0.05.pgm,0,3,-8.371670823040821,1410.5531135531135,658,657,273,sift,7.431377172470093,False,560.815673828125,0.0,1.0067718347299595
4,Block_R1_res0.05.pgm_2RobotsFull_R1_res0.05.pgm,0,4,-90.0,1517.217741935484,334,658,248,sift,9.713126420974731,False,555.6093139648438,0.0,1.0212765957446808
5,2RobotsFull_R1_res0.05.pgm_Block_R2_res0.05.pgm,0,5,-82.05021832278625,1408.5647058823529,658,460,255,sift,12.272763013839722,False,492.5087585449219,0.0,0.24357614944892578
6,SouthWing_res0.05.pgm_2RobotsFull_R1_res0.05.pgm,0,6,-90.0,1447.3948339483395,470,658,271,sift,12.006813764572144,False,669.8460693359375,0.0,1.0212765957446808
7,2RobotsFull_R2_res0.05.pgm_MiniOverlap_R1_res0.05.pgm,0,7,-90.0,1321.8079470198675,567,694,302,sift,4.9927818775177,False,453.1658020019531,1.0204081632653061,1.0
8,2RobotsFull_R2_res0.05.pgm_MiniOverlap_R2_res0.05.pgm,0,8,-90.0,1442.135646687697,567,708,317,sift,4.854632616043091,False,560.8706665039062,1.7543859649122806,1.0
9,2RobotsFull_R2_res0.05.pgm_FuulPath_res0.05.pgm,0,9,180.0,1302.787456445993,567,657,287,sift,4.785334348678589,False,578.2332763671875,0.0,1.0
10,Block_R1_res0.05.pgm_2RobotsFull_R2_res0.05.pgm,0,10,90.0,1368.0747663551401,334,567,214,sift,6.75398063659668,False,649.8645629882812,0.8064516129032258,1.0
11,2RobotsFull_R2_res0.05.pgm_Block_R2_res0.05.pgm,0,11,130.97835182697708,1369.8152610441766,567,460,249,sift,7.471289396286011,False,478.95159912109375,0.0,0.20213278805028442
12,2RobotsFull_R2_res0.05.pgm_SouthWing_res0.05.pgm,0,12,17.297875222542963,1405.00790513834,567,470,253,sift,4.646692514419556,False,285.45318603515625,3.0303030303030303,0.10806956060725588
13,MiniOverlap_R1_res0.05.pgm_MiniOverlap_R2_res0.05.pgm,0,13,-0.0,1445.7146739130435,694,708,368,sift,3.6746444702148438,False,516.5899658203125,0.6191950464396285,1.0
14,MiniOverlap_R1_res0.05.pgm_FuulPath_res0.05.pgm,0,14,-90.0,1317.0917159763314,694,657,338,sift,3.6463406085968018,False,582.2648315429688,0.6211180124223602,1.0
15,MiniOverlap_R1_res0.05.pgm_Block_R1_res0.05.pgm,0,15,-0.0,1186.1256281407036,694,334,199,sift,3.510676860809326,False,354.4452209472656,5.0761421319796955,1.0
16,MiniOverlap_R1_res0.05.pgm_Block_R2_res0.05.pgm,0,16,-0.42939837580037676,1303.3607142857143,694,460,280,sift,6.615336656570435,False,364.5539245605469,0.32786885245901637,1.0009510460552162
17,MiniOverlap_R1_res0.05.pgm_SouthWing_res0.05.pgm,0,17,-0.0,1403.1904761904761,694,470,273,sift,3.6248693466186523,False,552.7883911132812,0.0,1.0
18,MiniOverlap_R2_res0.05.pgm_FuulPath_res0.05.pgm,0,18,-90.0,1363.9932432432433,708,657,296,sift,3.612180709838867,False,519.66162109375,0.0,1.0
19,MiniOverlap_R2_res0.05.pgm_Block_R1_res0.05.pgm,0,19,-0.0,1294.1884816753927,708,334,191,sift,5.067399263381958,False,611.9945068359375,0.5319148936170213,1.0
20,MiniOverlap_R2_res0.05.pgm_Block_R2_res0.05.pgm,0,20,-90.51992565681871,1433.0806451612902,708,460,248,sift,7.693820476531982,False,511.0837097167969,0.0,0.3940834152252271
21,MiniOverlap_R2_res0.05.pgm_SouthWing_res0.05.pgm,0,21,-0.0,1360.7340823970037,708,470,267,sift,4.6691882610321045,False,726.8347778320312,0.0,1.0
22,FuulPath_res0.05.pgm_Block_R1_res0.05.pgm,0,22,82.94209497117242,1176.4717948717948,657,334,195,sift,3.954808473587036,False,422.8610534667969,0.7092198581560284,0.4766042435413601
23,FuulPath_res0.05.pgm_Block_R2_res0.05.pgm,0,23,-24.06131563488751,1376.8803088803088,657,460,259,sift,8.61464786529541,False,496.78326416015625,1.2987012987012987,0.8033326802589382
24,FuulPath_res0.05.pgm_SouthWing_res0.05.pgm,0,24,90.0,1445.0503875968993,657,470,258,sift,4.221205711364746,False,739.3378295898438,0.0,1.0
25,Block_R1_res0.05.pgm_Block_R2_res0.05.pgm,0,25,-15.256953560344499,1329.816037735849,334,460,212,sift,7.4859278202056885,False,367.9277648925781,0.0,0.9990009371213211
26,Block_R1_res0.05.pgm_SouthWing_res0.05.pgm,0,26,-0.0,1459.6858638743456,334,470,191,sift,4.2485339641571045,False,465.4953918457031,0.0,1.0
27,Block_R2_res0.05.pgm_SouthWing_res0.05.pgm,0,27,74.95446373884532,1375.556074766355,460,470,214,sift,5.567112684249878,False,286.039306640625,9.523809523809524,0.0334421758032994
28,2RobotsFull_R2_res0.05.pgm_2RobotsFull_R1_res0.05.pgm,1,0,-49.50911466579563,1521.0655172413792,567,658,290,sift,8.941160917282104,False,672.0818481445312,0.26455026455026454,1.048238084765953
29,2RobotsFull_R1_res0.05.pgm_MiniOverlap_R1_res0.05.pgm,1,1,35.5204665104638,1376.08038585209,658,694,311,sift,4.9420552253723145,False,412.38201904296875,0.49019607843137253,0.5783362006442402
30,2RobotsFull_R1_res0.05.pgm_MiniOverlap_R2_res0.05.pgm,1,2,7.781425116194474,1400.5060240963855,658,708,332,sift,5.077146291732788,False,509.671875,0.0,0.9267750111596086
31,2RobotsFull_R1_res0.05.pgm_FuulPath_res0.05.pgm,1,3,-119.99358975322663,1410.5531135531135,658,657,273,sift,4.921503067016602,False,593.3859252929688,0.0,3.6662093190237073
32,Block_R1_res0.05.pgm_2RobotsFull_R1_res0.05.pgm,1,4,159.29473067286733,1517.217741935484,334,658,248,sift,6.9906837940216064,False,747.2615966796875,0.0,2.4044713864339173
33,2RobotsFull_R1_res0.05.pgm_Block_R2_res0.05.pgm,1,5,-6.381619319121064,1408.5647058823529,658,460,255,sift,7.711334943771362,False,532.7454223632812,0.0,0.9947082161575399
34,SouthWing_res0.05.pgm_2RobotsFull_R1_res0.05.pgm,1,6,-133.6799542724251,1447.3948339483395,470,658,271,sift,6.6768224239349365,False,539.2323608398438,2.5423728813559325,0.7360237829606006
35,2RobotsFull_R2_res0.05.pgm_MiniOverlap_R1_res0.05.pgm,1,7,35.583349846260255,1321.8079470198675,567,694,302,sift,4.771672964096069,False,446.0688781738281,0.2824858757062147,0.9971482402908008
36,2RobotsFull_R2_res0.05.pgm_MiniOverlap_R2_res0.05.pgm,1,8,-37.97319515091153,1442.135646687697,567,708,317,sift,4.739461183547974,False,503.1761474609375,0.0,0.7280478405966594
37,2RobotsFull_R2_res0.05.pgm_FuulPath_res0.05.pgm,1,9,37.011228807146566,1302.787456445993,567,657,287,sift,4.905855655670166,False,449.92486572265625,0.0,1.003574279204873
38,Block_R1_res0.05.pgm_2RobotsFull_R2_res0.05.pgm,1,10,176.13700155972958,1368.0747663551401,334,567,214,sift,6.758810997009277,False,853.0313720703125,0.0,5.147245778823162
39,2RobotsFull_R2_res0.05.pgm_Block_R2_res0.05.pgm,1,11,35.283767812994746,1369.8152610441766,567,460,249,sift,7.728954792022705,False,427.06011962890625,0.0,0.9792753301891757
40,2RobotsFull_R2_res0.05.pgm_SouthWing_res0.05.pgm,1,12,9.084273995568621,1405.00790513834,567,470,253,sift,5.082036972045898,False,730.0848999023438,0.0,2.4570482345560283
41,MiniOverlap_R1_res0.05.pgm_MiniOverlap_R2_res0.05.pgm,1,13,69.81762496735354,1445.7146739130435,694,708,368,sift,3.6912388801574707,False,524.6769409179688,0.5181347150259068,1.3566830644814387
42,MiniOverlap_R1_res0.05.pgm_FuulPath_res0.05.pgm,1,14,1.720906260105714,1317.0917159763314,694,657,338,sift,3.658088445663452,False,514.0899658203125,0.0,1.0000239248330456
43,MiniOverlap_R1_res0.05.pgm_Block_R1_res0.05.pgm,1,15,24.491204819670802,1186.1256281407036,694,334,199,sift,3.5907609462738037,False,352.35125732421875,1.4150943396226416,1.0196127722115653
44,MiniOverlap_R1_res0.05.pgm_Block_R2_res0.05.pgm,1,16,-0.568290990387786,1303.3607142857143,694,460,280,sift,6.642611265182495,False,379.92425537109375,0.0,1.0002815027398217
45,MiniOverlap_R1_res0.05.pgm_SouthWing_res0.05.pgm,1,17,-25.912438074540592,1403.1904761904761,694,470,273,sift,3.8727753162384033,False,675.4214477539062,0.0,1.6453798373060575
46,MiniOverlap_R2_res0.05.pgm_FuulPath_res0.05.pgm,1,18,-2.623315670404809,1363.9932432432433,708,657,296,sift,3.7058746814727783,False,525.9038696289062,0.0,1.00044667787287
47,MiniOverlap_R2_res0.05.pgm_Block_R1_res0.05.pgm,1,19,101.61019701744162,1294.1884816753927,708,334,191,sift,3.5243420600891113,False,404.9631652832031,1.1976047904191618,0.793301902425995
48,MiniOverlap_R2_res0.05.pgm_Block_R2_res0.05.pgm,1,20,-90.51992565681871,1433.0806451612902,708,460,248,sift,6.528505086898804,False,511.0837097167969,0.0,0.3940834152252271
49,MiniOverlap_R2_res0.05.pgm_SouthWing_res0.05.pgm,1,21,-116.51863597148473,1360.7340823970037,708,470,267,sift,3.5008656978607178,False,431.79046630859375,0.0,0.2730332852797534
50,FuulPath_res0.05.pgm_Block_R1_res0.05.pgm,1,22,13.178400045006855,1176.4717948717948,657,334,195,sift,3.536052942276001,False,403.9321594238281,0.0,0.994794315241433
51,FuulPath_res0.05.pgm_Block_R2_res0.05.pgm,1,23,-1.8084266584686401,1376.8803088803088,657,460,259,sift,6.6700439453125,False,553.7262573242188,1.048951048951049,0.9998527906921237
52,FuulPath_res0.05.pgm_SouthWing_res0.05.pgm,1,24,-119.44437697361323,1445.0503875968993,657,470,258,sift,3.468658447265625,False,406.5014953613281,0.0,0.2206098956367423
53,Block_R1_res0.05.pgm_Block_R2_res0.05.pgm,1,25,-15.043040167356914,1329.816037735849,334,460,212,sift,6.568434953689575,False,401.549072265625,0.4016064257028112,1.0020830639295522
54,Block_R1_res0.05.pgm_SouthWing_res0.05.pgm,1,26,54.18192936524983,1459.6858638743456,334,470,191,sift,3.4960365295410156,False,429.4477233886719,2.6548672566371683,0.5265904976636563
55,Block_R2_res0.05.pgm_SouthWing_res0.05.pgm,1,27,96.03230702499191,1375.556074766355,460,470,214,sift,4.709258317947388,False,440.67376708984375,0.0,1.025899185486382
56,2RobotsFull_R2_res0.05.pgm_2RobotsFull_R1_res0.05.pgm,2,0,-49.50911466579563,1521.0655172413792,567,658,290,sift,7.893428564071655,False,672.0818481445312,0.26455026455026454,1.048238084765953
57,2RobotsFull_R1_res0.05.pgm_MiniOverlap_R1_res0.05.pgm,2,1,-5.898674731397339,1376.08038585209,658,694,311,sift,4.844820022583008,False,518.4734497070312,0.2840909090909091,1.001412300483019
58,2RobotsFull_R1_res0.05.pgm_MiniOverlap_R2_res0.05.pgm,2,2,-1.7809956913691922,1400.5060240963855,658,708,332,sift,4.971750974655151,False,518.8106079101562,0.0,1.000124959873534
59,2RobotsFull_R1_res0.05.pgm_FuulPath_res0.05.pgm,2,3,-4.355874893777887,1410.5531135531135,658,657,273,sift,6.4006147384643555,False,565.3538208007812,0.0,0.9989515591474988
60,Block_R1_res0.05.pgm_2RobotsFull_R1_res0.05.pgm,2,4,159.29473067286733,1517.217741935484,334,658,248,sift,8.553312540054321,False,747.2615966796875,0.0,2.4044713864339173
61,2RobotsFull_R1_res0.05.pgm_Block_R2_res0.05.pgm,2,5,-6.458235050545706,1408.5647058823529,658,460,255,sift,8.488592147827148,False,558.5578002929688,0.0,1.0017926180981753
62,SouthWing_res0.05.pgm_2RobotsFull_R1_res0.05.pgm,2,6,-133.6799542724251,1447.3948339483395,470,658,271,sift,6.7002503871917725,False,539.2323608398438,2.5423728813559325,0.7360237829606006
63,2RobotsFull_R2_res0.05.pgm_MiniOverlap_R1_res0.05.pgm,2,7,35.60020467003099,1321.8079470198675,567,694,302,sift,4.874148845672607,False,423.9560241699219,0.2652519893899204,0.9960814677961136
64,2RobotsFull_R2_res0.05.pgm_MiniOverlap_R2_res0.05.pgm,2,8,-37.97319515091153,1442.135646687697,567,708,317,sift,4.9083123207092285,False,503.1761474609375,0.0,0.7280478405966594
65,2RobotsFull_R2_res0.05.pgm_FuulPath_res0.05.pgm,2,9,37.24096827341659,1302.787456445993,567,657,287,sift,4.864428997039795,False,479.4534912109375,0.0,0.995832319375886
66,Block_R1_res0.05.pgm_2RobotsFull_R2_res0.05.pgm,2,10,-50.08742955158497,1368.0747663551401,334,567,214,sift,7.953896999359131,False,520.6508178710938,0.0,1.002409101546664
67,2RobotsFull_R2_res0.05.pgm_Block_R2_res0.05.pgm,2,11,34.7831924619138,1369.8152610441766,567,460,249,sift,9.09696626663208,False,410.1942443847656,0.0,0.9971892445104255
68,2RobotsFull_R2_res0.05.pgm_SouthWing_res0.05.pgm,2,12,9.084273995568621,1405.00790513834,567,470,253,sift,6.558404207229614,False,730.0848999023438,0.0,2.4570482345560283
69,MiniOverlap_R1_res0.05.pgm_MiniOverlap_R2_res0.05.pgm,2,13,69.81762496735354,1445.7146739130435,694,708,368,sift,4.046086549758911,False,524.6769409179688,0.5181347150259068,1.3566830644814387
70,MiniOverlap_R1_res0.05.pgm_FuulPath_res0.05.pgm,2,14,1.6367818581549276,1317.0917159763314,694,657,338,sift,4.2629029750823975,False,532.2942504882812,0.0,1.0003651705541659
71,MiniOverlap_R1_res0.05.pgm_Block_R1_res0.05.pgm,2,15,23.032939639322315,1186.1256281407036,694,334,199,sift,5.3807594776153564,False,348.4115295410156,0.4716981132075472,1.0158963890388941
72,MiniOverlap_R1_res0.05.pgm_Block_R2_res0.05.pgm,2,16,-0.5379415844507137,1303.3607142857143,694,460,280,sift,9.316025972366333,False,366.0497131347656,1.3114754098360655,1.0007778942300145
73,MiniOverlap_R1_res0.05.pgm_SouthWing_res0.05.pgm,2,17,-25.912438074540592,1403.1904761904761,694,470,273,sift,5.408962726593018,False,675.4214477539062,0.0,1.6453798373060575
74,MiniOverlap_R2_res0.05.pgm_FuulPath_res0.05.pgm,2,18,-2.6854681023415052,1363.9932432432433,708,657,296,sift,7.172199249267578,False,543.4166259765625,0.0,1.0007298150335489
75,MiniOverlap_R2_res0.05.pgm_Block_R1_res0.05.pgm,2,19,101.61019701744162,1294.1884816753927,708,334,191,sift,4.08062481880188,False,404.9631652832031,1.1976047904191618,0.793301902425995
76,MiniOverlap_R2_res0.05.pgm_Block_R2_res0.05.pgm,2,20,85.23027606804784,1433.0806451612902,708,460,248,sift,8.30558967590332,False,520.569091796875,1.4336917562724014,1.0291182203887834
77,MiniOverlap_R2_res0.05.pgm_SouthWing_res0.05.pgm,2,21,-116.51863597148473,1360.7340823970037,708,470,267,sift,4.11672306060791,False,431.79046630859375,0.0,0.2730332852797534
78,FuulPath_res0.05.pgm_Block_R1_res0.05.pgm,2,22,13.177341679685007,1176.4717948717948,657,334,195,sift,4.434951543807983,False,407.7612609863281,0.0,0.9947353293963397
79,FuulPath_res0.05.pgm_Block_R2_res0.05.pgm,2,23,-1.8257742194905724,1376.8803088803088,657,460,259,sift,8.52887749671936,False,504.08984375,0.7168458781362007,0.9895882697694334
80,FuulPath_res0.05.pgm_SouthWing_res0.05.pgm,2,24,78.40609232596306,1445.0503875968993,657,470,258,sift,4.121189117431641,False,325.2086486816406,0.0,0.11865126572181166
81,Block_R1_res0.05.pgm_Block_R2_res0.05.pgm,2,25,-14.953946944740268,1329.816037735849,334,460,212,sift,7.71140456199646,False,424.380615234375,0.4016064257028112,1.0022431395968692
82,Block_R1_res0.05.pgm_SouthWing_res0.05.pgm,2,26,54.18192936524983,1459.6858638743456,334,470,191,sift,4.241755723953247,False,429.4477233886719,2.6548672566371683,0.5265904976636563
83,Block_R2_res0.05.pgm_SouthWing_res0.05.pgm,2,27,24.496145091970345,1375.556074766355,460,470,214,sift,6.411442279815674,False,646.4537963867188,0.0,1.2856399686494977
84,2RobotsFull_R2_res0.05.pgm_2RobotsFull_R1_res0.05.pgm,3,0,-42.8326742994512,1521.0655172413792,567,658,290,sift,9.484426259994507,False,609.7031860351562,0.0,0.8539504223630846
85,2RobotsFull_R1_res0.05.pgm_MiniOverlap_R1_res0.05.pgm,3,1,-5.956014822245948,1376.08038585209,658,694,311,sift,6.514349460601807,False,489.6922912597656,0.5865102639296188,0.9983663669547513
86,2RobotsFull_R1_res0.05.pgm_MiniOverlap_R2_res0.05.pgm,3,2,-1.9194918102158838,1400.5060240963855,658,708,332,sift,9.725380659103394,False,523.5458374023438,0.0,0.9989019807737369
87,2RobotsFull_R1_res0.05.pgm_FuulPath_res0.05.pgm,3,3,-4.355648054003733,1410.5531135531135,658,657,273,sift,5.4890828132629395,False,544.6107788085938,0.0,0.9991149736552115
88,Block_R1_res0.05.pgm_2RobotsFull_R1_res0.05.pgm,3,4,-8.552750754376886,1517.217741935484,334,658,248,sift,6.900329351425171,False,578.6033325195312,0.6349206349206349,0.9988199063094185
89,2RobotsFull_R1_res0.05.pgm_Block_R2_res0.05.pgm,3,5,-6.499040045556045,1408.5647058823529,658,460,255,sift,7.9954514503479,False,561.0903930664062,0.0,0.997888846304317
90,SouthWing_res0.05.pgm_2RobotsFull_R1_res0.05.pgm,3,6,-91.31402294001899,1447.3948339483395,470,658,271,sift,6.77730131149292,False,579.54931640625,0.0,0.7013391608335835
91,2RobotsFull_R2_res0.05.pgm_MiniOverlap_R1_res0.05.pgm,3,7,35.57632457112004,1321.8079470198675,567,694,302,sift,5.086453676223755,False,425.6344909667969,0.27932960893854747,0.994877905237898
92,2RobotsFull_R2_res0.05.pgm_MiniOverlap_R2_res0.05.pgm,3,8,-37.97319515091153,1442.135646687697,567,708,317,sift,4.987366437911987,False,503.1761474609375,0.0,0.7280478405966594
93,2RobotsFull_R2_res0.05.pgm_FuulPath_res0.05.pgm,3,9,37.22552456483445,1302.787456445993,567,657,287,sift,4.973752021789551,False,452.9091796875,0.0,0.9951832584013742
94,Block_R1_res0.05.pgm_2RobotsFull_R2_res0.05.pgm,3,10,-50.060157663060615,1368.0747663551401,334,567,214,sift,6.883742570877075,False,487.5995788574219,0.0,1.0012336072270522
95,2RobotsFull_R2_res0.05.pgm_Block_R2_res0.05.pgm,3,11,36.583197976167604,1369.8152610441766,567,460,249,sift,7.8968260288238525,False,427.33709716796875,0.6920415224913495,1.0000321898315876
96,2RobotsFull_R2_res0.05.pgm_SouthWing_res0.05.pgm,3,12,9.084273995568621,1405.00790513834,567,470,253,sift,5.142499208450317,False,730.0848999023438,0.0,2.4570482345560283
97,MiniOverlap_R1_res0.05.pgm_MiniOverlap_R2_res0.05.pgm,3,13,69.81762496735354,1445.7146739130435,694,708,368,sift,3.819145917892456,False,524.6769409179688,0.5181347150259068,1.3566830644814387
98,MiniOverlap_R1_res0.05.pgm_FuulPath_res0.05.pgm,3,14,1.6444095847452078,1317.0917159763314,694,657,338,sift,3.846372365951538,False,526.800048828125,0.0,1.0001344042443145
99,MiniOverlap_R1_res0.05.pgm_Block_R1_res0.05.pgm,3,15,14.382988684076187,1186.1256281407036,694,334,199,sift,4.4271814823150635,False,339.97735595703125,0.4761904761904762,0.9972583098354749
100,MiniOverlap_R1_res0.05.pgm_Block_R2_res0.05.pgm,3,16,-0.6098608497015467,1303.3607142857143,694,460,280,sift,7.24445366859436,False,353.0494384765625,0.6369426751592357,1.0001209340739907
101,MiniOverlap_R1_res0.05.pgm_SouthWing_res0.05.pgm,3,17,-25.912438074540592,1403.1904761904761,694,470,273,sift,3.9459221363067627,False,675.4214477539062,0.0,1.6453798373060575
102,MiniOverlap_R2_res0.05.pgm_FuulPath_res0.05.pgm,3,18,-2.6454305264567632,1363.9932432432433,708,657,296,sift,3.8610615730285645,False,518.3722534179688,0.0,1.000432425295276
103,MiniOverlap_R2_res0.05.pgm_Block_R1_res0.05.pgm,3,19,101.61019701744162,1294.1884816753927,708,334,191,sift,3.8708200454711914,False,404.9631652832031,1.1976047904191618,0.793301902425995
104,MiniOverlap_R2_res0.05.pgm_Block_R2_res0.05.pgm,3,20,85.23027606804784,1433.0806451612902,708,460,248,sift,7.101387023925781,False,520.569091796875,1.4336917562724014,1.0291182203887834
105,MiniOverlap_R2_res0.05.pgm_SouthWing_res0.05.pgm,3,21,-116.51863597148473,1360.7340823970037,708,470,267,sift,3.70397686958313,False,431.79046630859375,0.0,0.2730332852797534
106,FuulPath_res0.05.pgm_Block_R1_res0.05.pgm,3,22,13.239050424772964,1176.4717948717948,657,334,195,sift,3.6981217861175537,False,410.5083312988281,0.0,0.9952337747970553
107,FuulPath_res0.05.pgm_Block_R2_res0.05.pgm,3,23,-1.7550068243182768,1376.8803088803088,657,460,259,sift,7.764084339141846,False,554.1456909179688,0.3448275862068966,0.999801576824992
108,FuulPath_res0.05.pgm_SouthWing_res0.05.pgm,3,24,78.40609232596306,1445.0503875968993,657,470,258,sift,4.38373875617981,False,325.2086486816406,0.0,0.11865126572181166
109,Block_R1_res0.05.pgm_Block_R2_res0.05.pgm,3,25,-15.065544334850783,1329.816037735849,334,460,212,sift,7.564868688583374,False,409.8846130371094,0.7782101167315175,1.0024296757348523
110,Block_R1_res0.05.pgm_SouthWing_res0.05.pgm,3,26,54.18192936524983,1459.6858638743456,334,470,191,sift,3.819199323654175,False,429.4477233886719,2.6548672566371683,0.5265904976636563
111,Block_R2_res0.05.pgm_SouthWing_res0.05.pgm,3,27,24.496145091970345,1375.556074766355,460,470,214,sift,5.925686359405518,False,646.4537963867188,0.0,1.2856399686494977
112,2RobotsFull_R2_res0.05.pgm_2RobotsFull_R1_res0.05.pgm,4,0,-42.83267429945121,1521.0655172413792,567,658,290,sift,9.718560218811035,False,609.7031860351562,0.0,0.8539504223630846
113,2RobotsFull_R1_res0.05.pgm_MiniOverlap_R1_res0.05.pgm,4,1,-5.945934504073881,1376.08038585209,658,694,311,sift,5.775163650512695,False,493.3971862792969,0.2949852507374631,0.9984773311890183
114,2RobotsFull_R1_res0.05.pgm_MiniOverlap_R2_res0.05.pgm,4,2,-1.832345646141594,1400.5060240963855,658,708,332,sift,5.024495840072632,False,501.90521240234375,0.0,1.0018530416187277
115,2RobotsFull_R1_res0.05.pgm_FuulPath_res0.05.pgm,4,3,-4.376146220945492,1410.5531135531135,658,657,273,sift,4.931700706481934,False,516.1470336914062,0.0,0.9984434728106487
116,Block_R1_res0.05.pgm_2RobotsFull_R1_res0.05.pgm,4,4,-8.569653688918216,1517.217741935484,334,658,248,sift,6.887634515762329,False,558.55908203125,0.0,1.0023621712793693
117,2RobotsFull_R1_res0.05.pgm_Block_R2_res0.05.pgm,4,5,-6.434110280891327,1408.5647058823529,658,460,255,sift,7.933911323547363,False,546.5839233398438,0.0,0.998895197719212
118,SouthWing_res0.05.pgm_2RobotsFull_R1_res0.05.pgm,4,6,-91.31402294001899,1447.3948339483395,470,658,271,sift,7.980311632156372,False,579.54931640625,0.0,0.7013391608335835
119,2RobotsFull_R2_res0.05.pgm_MiniOverlap_R1_res0.05.pgm,4,7,35.80816383325574,1321.8079470198675,567,694,302,sift,5.3543455600738525,False,435.1705017089844,0.2808988764044944,0.9979888991640845
120,2RobotsFull_R2_res0.05.pgm_MiniOverlap_R2_res0.05.pgm,4,8,-25.856038847946625,1442.135646687697,567,708,317,sift,5.980972528457642,False,492.63250732421875,0.0,1.2548262961873156
121,2RobotsFull_R2_res0.05.pgm_FuulPath_res0.05.pgm,4,9,36.91493640162311,1302.787456445993,567,657,287,sift,6.276846408843994,False,452.4326171875,0.0,1.001419430380799
122,Block_R1_res0.05.pgm_2RobotsFull_R2_res0.05.pgm,4,10,-50.03316592398991,1368.0747663551401,334,567,214,sift,6.808281421661377,False,509.977294921875,0.0,1.002093338319564
123,2RobotsFull_R2_res0.05.pgm_Block_R2_res0.05.pgm,4,11,36.2294236057991,1369.8152610441766,567,460,249,sift,8.818575143814087,False,407.880126953125,1.079136690647482,0.999498814143084
124,2RobotsFull_R2_res0.05.pgm_SouthWing_res0.05.pgm,4,12,150.25823919664853,1405.00790513834,567,470,253,sift,4.922022819519043,False,515.8696899414062,0.0,1.0626715525249915
125,MiniOverlap_R1_res0.05.pgm_MiniOverlap_R2_res0.05.pgm,4,13,69.81762496735354,1445.7146739130435,694,708,368,sift,4.3483898639678955,False,524.6769409179688,0.5181347150259068,1.3566830644814387
126,MiniOverlap_R1_res0.05.pgm_FuulPath_res0.05.pgm,4,14,1.4840212206797134,1317.0917159763314,694,657,338,sift,4.0205090045928955,False,524.0809326171875,0.0,1.005551336180097
127,MiniOverlap_R1_res0.05.pgm_Block_R1_res0.05.pgm,4,15,14.296230240656637,1186.1256281407036,694,334,199,sift,3.8695948123931885,False,318.098388671875,1.4705882352941175,0.9963029270191769
128,MiniOverlap_R1_res0.05.pgm_Block_R2_res0.05.pgm,4,16,-0.6093745912163537,1303.3607142857143,694,460,280,sift,7.306343078613281,False,354.5401916503906,0.32786885245901637,0.9999903018576829
129,MiniOverlap_R1_res0.05.pgm_SouthWing_res0.05.pgm,4,17,-25.912438074540592,1403.1904761904761,694,470,273,sift,4.517330646514893,False,675.4214477539062,0.0,1.6453798373060575
130,MiniOverlap_R2_res0.05.pgm_FuulPath_res0.05.pgm,4,18,-2.6454305264567632,1363.9932432432433,708,657,296,sift,4.7298743724823,False,518.3722534179688,0.0,1.000432425295276
131,MiniOverlap_R2_res0.05.pgm_Block_R1_res0.05.pgm,4,19,102.63044998550568,1294.1884816753927,708,334,191,sift,3.6529035568237305,False,485.3314514160156,0.0,1.0314634020183462
132,MiniOverlap_R2_res0.05.pgm_Block_R2_res0.05.pgm,4,20,85.21073337539102,1433.0806451612902,708,460,248,sift,6.729948043823242,False,510.05157470703125,0.6872852233676976,1.02953941698679
133,MiniOverlap_R2_res0.05.pgm_SouthWing_res0.05.pgm,4,21,-116.51863597148473,1360.7340823970037,708,470,267,sift,3.4458799362182617,False,431.79046630859375,0.0,0.2730332852797534
134,FuulPath_res0.05.pgm_Block_R1_res0.05.pgm,4,22,13.215866826740815,1176.4717948717948,657,334,195,sift,3.6700730323791504,False,397.8958435058594,0.0,0.9965156295592319
135,FuulPath_res0.05.pgm_Block_R2_res0.05.pgm,4,23,-2.1664365088355333,1376.8803088803088,657,460,259,sift,6.668806076049805,False,573.4480590820312,0.33670033670033667,1.0018135238419354
136,FuulPath_res0.05.pgm_SouthWing_res0.05.pgm,4,24,78.40609232596306,1445.0503875968993,657,470,258,sift,3.4445459842681885,False,325.2086486816406,0.0,0.11865126572181166
137,Block_R1_res0.05.pgm_Block_R2_res0.05.pgm,4,25,-15.116571533762682,1329.816037735849,334,460,212,sift,6.511835336685181,False,384.6480712890625,1.1406844106463878,1.0020260906008793
138,Block_R1_res0.05.pgm_SouthWing_res0.05.pgm,4,26,90.35166760282628,1459.6858638743456,334,470,191,sift,3.5514469146728516,False,436.1691589355469,0.0,1.0285130193018195
139,Block_R2_res0.05.pgm_SouthWing_res0.05.pgm,4,27,24.496145091970345,1375.556074766355,460,470,214,sift,4.773189306259155,False,646.4537963867188,0.0,1.2856399686494977
140,2RobotsFull_R2_res0.05.pgm_2RobotsFull_R1_res0.05.pgm,5,0,-42.83267429945121,1521.0655172413792,567,658,290,sift,8.23213791847229,False,609.7031860351562,0.0,0.8539504223630846
141,2RobotsFull_R1_res0.05.pgm_MiniOverlap_R1_res0.05.pgm,5,1,-5.952413670689949,1376.08038585209,658,694,311,sift,4.814428329467773,False,496.1598815917969,0.27932960893854747,0.9987773238992745
142,2RobotsFull_R1_res0.05.pgm_MiniOverlap_R2_res0.05.pgm,5,2,-1.8621002866534453,1400.5060240963855,658,708,332,sift,4.7806315422058105,False,499.71282958984375,0.0,1.0023437540566589
143,2RobotsFull_R1_res0.05.pgm_FuulPath_res0.05.pgm,5,3,-4.379975173459267,1410.5531135531135,658,657,273,sift,4.769078493118286,False,529.2921142578125,0.0,0.9985822654165809
144,Block_R1_res0.05.pgm_2RobotsFull_R1_res0.05.pgm,5,4,-8.569653688918216,1517.217741935484,334,658,248,sift,6.65097713470459,False,558.55908203125,0.0,1.0023621712793693
145,2RobotsFull_R1_res0.05.pgm_Block_R2_res0.05.pgm,5,5,-6.569197165372609,1408.5647058823529,658,460,255,sift,7.628503322601318,False,541.1143798828125,0.0,1.0006238869117248
146,SouthWing_res0.05.pgm_2RobotsFull_R1_res0.05.pgm,5,6,-91.31402294001899,1447.3948339483395,470,658,271,sift,6.497168064117432,False,579.54931640625,0.0,0.7013391608335835
147,2RobotsFull_R2_res0.05.pgm_MiniOverlap_R1_res0.05.pgm,5,7,35.74846287193989,1321.8079470198675,567,694,302,sift,4.811200141906738,False,443.5848693847656,0.28169014084507044,0.9979056226819536
148,2RobotsFull_R2_res0.05.pgm_MiniOverlap_R2_res0.05.pgm,5,8,-25.856038847946625,1442.135646687697,567,708,317,sift,5.938704967498779,False,492.63250732421875,0.0,1.2548262961873156
149,2RobotsFull_R2_res0.05.pgm_FuulPath_res0.05.pgm,5,9,36.95539065536369,1302.787456445993,567,657,287,sift,5.182796001434326,False,464.5218811035156,0.0,1.0002960191826251
150,Block_R1_res0.05.pgm_2RobotsFull_R2_res0.05.pgm,5,10,-49.89184363442442,1368.0747663551401,334,567,214,sift,7.742412805557251,False,494.7210998535156,0.0,1.0028924288981644
151,2RobotsFull_R2_res0.05.pgm_Block_R2_res0.05.pgm,5,11,34.431851758169806,1369.8152610441766,567,460,249,sift,7.508815288543701,False,427.87939453125,0.9933774834437087,0.9997229031466601
152,2RobotsFull_R2_res0.05.pgm_SouthWing_res0.05.pgm,5,12,150.25823919664853,1405.00790513834,567,470,253,sift,4.77982234954834,False,515.8696899414062,0.0,1.0626715525249915
153,MiniOverlap_R1_res0.05.pgm_MiniOverlap_R2_res0.05.pgm,5,13,-65.58404862523122,1445.7146739130435,694,708,368,sift,3.541100025177002,False,466.9002685546875,0.0,0.5221512252059839
154,MiniOverlap_R1_res0.05.pgm_FuulPath_res0.05.pgm,5,14,1.6283297690954794,1317.0917159763314,694,657,338,sift,4.157326936721802,False,537.2592163085938,0.0,1.0007913912135704
155,MiniOverlap_R1_res0.05.pgm_Block_R1_res0.05.pgm,5,15,14.393777410043135,1186.1256281407036,694,334,199,sift,4.0640647411346436,False,380.5761413574219,0.0,0.9979154452849781
156,MiniOverlap_R1_res0.05.pgm_Block_R2_res0.05.pgm,5,16,-0.6489982618678736,1303.3607142857143,694,460,280,sift,6.585625648498535,False,347.8712463378906,0.32786885245901637,0.9995570503093271
157,MiniOverlap_R1_res0.05.pgm_SouthWing_res0.05.pgm,5,17,-25.912438074540592,1403.1904761904761,694,470,273,sift,3.9609484672546387,False,675.4214477539062,0.0,1.6453798373060575
158,MiniOverlap_R2_res0.05.pgm_FuulPath_res0.05.pgm,5,18,-2.6454305264567632,1363.9932432432433,708,657,296,sift,3.6399712562561035,False,518.3722534179688,0.0,1.000432425295276
159,MiniOverlap_R2_res0.05.pgm_Block_R1_res0.05.pgm,5,19,102.51694248320408,1294.1884816753927,708,334,191,sift,3.5099895000457764,False,464.25787353515625,0.0,1.0311643022463286
160,MiniOverlap_R2_res0.05.pgm_Block_R2_res0.05.pgm,5,20,-24.3678910795589,1433.0806451612902,708,460,248,sift,6.325192213058472,False,144.37368774414062,33.33333333333333,0.005825790865726604
161,MiniOverlap_R2_res0.05.pgm_SouthWing_res0.05.pgm,5,21,174.60592253267637,1360.7340823970037,708,470,267,sift,4.112648963928223,False,480.6053161621094,0.0,1.0580054336646536
162,FuulPath_res0.05.pgm_Block_R1_res0.05.pgm,5,22,13.078580385285091,1176.4717948717948,657,334,195,sift,4.6131744384765625,False,410.87115478515625,0.0,0.9935584903761169
163,FuulPath_res0.05.pgm_Block_R2_res0.05.pgm,5,23,-2.006067220351027,1376.8803088803088,657,460,259,sift,7.03969669342041,False,548.7047729492188,0.0,1.000896931969412
164,FuulPath_res0.05.pgm_SouthWing_res0.05.pgm,5,24,78.40609232596306,1445.0503875968993,657,470,258,sift,3.6064348220825195,False,325.2086486816406,0.0,0.11865126572181166
165,Block_R1_res0.05.pgm_Block_R2_res0.05.pgm,5,25,-15.101475457141094,1329.816037735849,334,460,212,sift,7.073784828186035,False,424.3974609375,0.78125,1.0013022464483656
166,Block_R1_res0.05.pgm_SouthWing_res0.05.pgm,5,26,80.92250447484636,1459.6858638743456,334,470,191,sift,4.084440231323242,False,461.516357421875,0.0,1.009930589028853
167,Block_R2_res0.05.pgm_SouthWing_res0.05.pgm,5,27,96.58015169526409,1375.556074766355,460,470,214,sift,5.348594665527344,False,448.3688659667969,0.0,1.0140665344877469
168,2RobotsFull_R2_res0.05.pgm_2RobotsFull_R1_res0.05.pgm,6,0,-42.83267429945121,1521.0655172413792,567,658,290,sift,8.139238834381104,False,609.7031860351562,0.0,0.8539504223630846
169,2RobotsFull_R1_res0.05.pgm_MiniOverlap_R1_res0.05.pgm,6,1,-5.921351256016466,1376.08038585209,658,694,311,sift,5.916177034378052,False,514.3800048828125,0.5649717514124294,0.998935187788634
170,2RobotsFull_R1_res0.05.pgm_MiniOverlap_R2_res0.05.pgm,6,2,-1.8447268354200645,1400.5060240963855,658,708,332,sift,5.131517171859741,False,505.0146179199219,0.0,1.0027440159777885
171,2RobotsFull_R1_res0.05.pgm_FuulPath_res0.05.pgm,6,3,-4.410745099217372,1410.5531135531135,658,657,273,sift,5.492319822311401,False,553.32470703125,0.0,0.998194063144004
172,Block_R1_res0.05.pgm_2RobotsFull_R1_res0.05.pgm,6,4,-8.569653688918216,1517.217741935484,334,658,248,sift,7.444690942764282,False,558.55908203125,0.0,1.0023621712793693
173,2RobotsFull_R1_res0.05.pgm_Block_R2_res0.05.pgm,6,5,-6.459469744150254,1408.5647058823529,658,460,255,sift,8.54028844833374,False,581.6380004882812,0.0,1.0002788151994204
174,SouthWing_res0.05.pgm_2RobotsFull_R1_res0.05.pgm,6,6,-89.38632942390458,1447.3948339483395,470,658,271,sift,6.942812442779541,False,690.7166137695312,0.0,0.9966585943144981
175,2RobotsFull_R2_res0.05.pgm_MiniOverlap_R1_res0.05.pgm,6,7,35.75183907954773,1321.8079470198675,567,694,302,sift,5.081421136856079,False,431.4625244140625,0.5494505494505495,0.9994885678458656
176,2RobotsFull_R2_res0.05.pgm_MiniOverlap_R2_res0.05.pgm,6,8,-25.856038847946625,1442.135646687697,567,708,317,sift,5.221526145935059,False,492.63250732421875,0.0,1.2548262961873156
177,2RobotsFull_R2_res0.05.pgm_FuulPath_res0.05.pgm,6,9,37.38859385048665,1302.787456445993,567,657,287,sift,5.659822225570679,False,479.9261169433594,0.0,1.0020847553524193
178,Block_R1_res0.05.pgm_2RobotsFull_R2_res0.05.pgm,6,10,-49.89050574095613,1368.0747663551401,334,567,214,sift,7.129922389984131,False,509.047607421875,0.0,1.0023969973687068
179,2RobotsFull_R2_res0.05.pgm_Block_R2_res0.05.pgm,6,11,34.52987045245673,1369.8152610441766,567,460,249,sift,10.514657974243164,False,425.9230041503906,1.0135135135135136,0.9990113046394099
180,2RobotsFull_R2_res0.05.pgm_SouthWing_res0.05.pgm,6,12,150.03969649172487,1405.00790513834,567,470,253,sift,5.942121267318726,False,552.3056640625,0.0,1.064079298243632
181,MiniOverlap_R1_res0.05.pgm_MiniOverlap_R2_res0.05.pgm,6,13,-65.58404862523122,1445.7146739130435,694,708,368,sift,4.205369710922241,False,466.9002685546875,0.0,0.5221512252059839
182,MiniOverlap_R1_res0.05.pgm_FuulPath_res0.05.pgm,6,14,1.6094043519748016,1317.0917159763314,694,657,338,sift,4.233586549758911,False,547.8554077148438,0.0,1.001478577861447
183,MiniOverlap_R1_res0.05.pgm_Block_R1_res0.05.pgm,6,15,14.40006747084583,1186.1256281407036,694,334,199,sift,3.784836769104004,False,393.01678466796875,0.49261083743842365,0.9982673930890748
184,MiniOverlap_R1_res0.05.pgm_Block_R2_res0.05.pgm,6,16,-0.6276006903978685,1303.3607142857143,694,460,280,sift,6.579010009765625,False,361.9947814941406,0.32679738562091504,1.0002993085267953
185,MiniOverlap_R1_res0.05.pgm_SouthWing_res0.05.pgm,6,17,112.24420321329522,1403.1904761904761,694,470,273,sift,3.5790953636169434,False,467.2305603027344,0.0,1.0105345072371787
186,MiniOverlap_R2_res0.05.pgm_FuulPath_res0.05.pgm,6,18,-2.6454305264567632,1363.9932432432433,708,657,296,sift,3.5760936737060547,False,518.3722534179688,0.0,1.000432425295276
187,MiniOverlap_R2_res0.05.pgm_Block_R1_res0.05.pgm,6,19,102.51694248320408,1294.1884816753927,708,334,191,sift,4.094043254852295,False,464.25787353515625,0.0,1.0311643022463286
188,MiniOverlap_R2_res0.05.pgm_Block_R2_res0.05.pgm,6,20,-24.3678910795589,1433.0806451612902,708,460,248,sift,8.698326826095581,False,144.37368774414062,33.33333333333333,0.005825790865726604
189,MiniOverlap_R2_res0.05.pgm_SouthWing_res0.05.pgm,6,21,-179.13449746478648,1360.7340823970037,708,470,267,sift,4.304274320602417,False,452.3846740722656,0.0,0.9232617907063302
190,FuulPath_res0.05.pgm_Block_R1_res0.05.pgm,6,22,13.14217497874647,1176.4717948717948,657,334,195,sift,3.7142577171325684,False,404.9952697753906,0.0,0.9986064989146888
191,FuulPath_res0.05.pgm_Block_R2_res0.05.pgm,6,23,-1.8640564796171477,1376.8803088803088,657,460,259,sift,6.63450813293457,False,528.9020385742188,0.33783783783783783,0.9986666953104342
192,FuulPath_res0.05.pgm_SouthWing_res0.05.pgm,6,24,78.40609232596306,1445.0503875968993,657,470,258,sift,3.460433006286621,False,325.2086486816406,0.0,0.11865126572181166
193,Block_R1_res0.05.pgm_Block_R2_res0.05.pgm,6,25,-15.12217168057462,1329.816037735849,334,460,212,sift,7.664814710617065,False,392.60858154296875,0.8163265306122449,0.9996554779495862
194,Block_R1_res0.05.pgm_SouthWing_res0.05.pgm,6,26,80.92250447484636,1459.6858638743456,334,470,191,sift,3.619638681411743,False,461.516357421875,0.0,1.009930589028853
195,Block_R2_res0.05.pgm_SouthWing_res0.05.pgm,6,27,96.48426915928783,1375.556074766355,460,470,214,sift,4.7715301513671875,False,474.19708251953125,0.0,1.0150717786069965
196,2RobotsFull_R2_res0.05.pgm_2RobotsFull_R1_res0.05.pgm,7,0,-42.83267429945121,1521.0655172413792,567,658,290,sift,9.38648796081543,False,609.7031860351562,0.0,0.8539504223630846
197,2RobotsFull_R1_res0.05.pgm_MiniOverlap_R1_res0.05.pgm,7,1,-5.853320503066289,1376.08038585209,658,694,311,sift,5.040340185165405,False,502.39727783203125,0.5509641873278237,0.9984648761476335
198,2RobotsFull_R1_res0.05.pgm_MiniOverlap_R2_res0.05.pgm,7,2,-2.081937622330398,1400.5060240963855,658,708,332,sift,5.056179761886597,False,492.2719421386719,0.0,0.9958805438927576
199,2RobotsFull_R1_res0.05.pgm_FuulPath_res0.05.pgm,7,3,-4.448682148913298,1410.5531135531135,658,657,273,sift,5.453287363052368,False,529.6542358398438,0.0,0.9988651291255335
200,Block_R1_res0.05.pgm_2RobotsFull_R1_res0.05.pgm,7,4,-8.73798607493824,1517.217741935484,334,658,248,sift,7.825673341751099,False,537.8991088867188,0.3144654088050315,1.0038308527923927
201,2RobotsFull_R1_res0.05.pgm_Block_R2_res0.05.pgm,7,5,-6.459469744150254,1408.5647058823529,658,460,255,sift,9.408867120742798,False,581.6380004882812,0.0,1.0002788151994204
202,SouthWing_res0.05.pgm_2RobotsFull_R1_res0.05.pgm,7,6,-89.38632942390458,1447.3948339483395,470,658,271,sift,7.504399061203003,False,690.7166137695312,0.0,0.9966585943144981
203,2RobotsFull_R2_res0.05.pgm_MiniOverlap_R1_res0.05.pgm,7,7,35.72824837698936,1321.8079470198675,567,694,302,sift,4.805193901062012,False,428.8402099609375,0.28169014084507044,0.9991540439194622
204,2RobotsFull_R2_res0.05.pgm_MiniOverlap_R2_res0.05.pgm,7,8,-25.856038847946625,1442.135646687697,567,708,317,sift,4.774182558059692,False,492.63250732421875,0.0,1.2548262961873156
205,2RobotsFull_R2_res0.05.pgm_FuulPath_res0.05.pgm,7,9,37.399359580210074,1302.787456445993,567,657,287,sift,4.747546434402466,False,452.16461181640625,0.0,1.0027384017865377
206,Block_R1_res0.05.pgm_2RobotsFull_R2_res0.05.pgm,7,10,-49.94349906809344,1368.0747663551401,334,567,214,sift,6.517492294311523,False,484.79486083984375,0.0,1.0028599491343666
207,2RobotsFull_R2_res0.05.pgm_Block_R2_res0.05.pgm,7,11,34.68884507691843,1369.8152610441766,567,460,249,sift,7.448731899261475,False,441.0257568359375,1.0380622837370241,0.993407582024557
208,2RobotsFull_R2_res0.05.pgm_SouthWing_res0.05.pgm,7,12,150.03969649172487,1405.00790513834,567,470,253,sift,4.688644886016846,False,552.3056640625,0.0,1.064079298243632
209,MiniOverlap_R1_res0.05.pgm_MiniOverlap_R2_res0.05.pgm,7,13,-65.58404862523122,1445.7146739130435,694,708,368,sift,3.5337586402893066,False,467.00439453125,0.0,0.5221512252059839
210,MiniOverlap_R1_res0.05.pgm_FuulPath_res0.05.pgm,7,14,1.6094043519748016,1317.0917159763314,694,657,338,sift,3.6689627170562744,False,547.8554077148438,0.0,1.001478577861447
211,MiniOverlap_R1_res0.05.pgm_Block_R1_res0.05.pgm,7,15,14.54217644243378,1186.1256281407036,694,334,199,sift,3.446591377258301,False,338.3163757324219,0.4784688995215311,0.9993208470938897
212,MiniOverlap_R1_res0.05.pgm_Block_R2_res0.05.pgm,7,16,-0.5836746006725513,1303.3607142857143,694,460,280,sift,6.709410905838013,False,362.0960998535156,0.9554140127388535,0.9997613924407139
213,MiniOverlap_R1_res0.05.pgm_SouthWing_res0.05.pgm,7,17,112.24420321329522,1403.1904761904761,694,470,273,sift,3.625131130218506,False,467.2305603027344,0.0,1.0105345072371787
214,MiniOverlap_R2_res0.05.pgm_FuulPath_res0.05.pgm,7,18,-2.6454305264567632,1363.9932432432433,708,657,296,sift,3.564406394958496,False,518.3722534179688,0.0,1.000432425295276
215,MiniOverlap_R2_res0.05.pgm_Block_R1_res0.05.pgm,7,19,102.51694248320408,1294.1884816753927,708,334,191,sift,3.5214130878448486,False,464.25787353515625,0.0,1.0311643022463286
216,MiniOverlap_R2_res0.05.pgm_Block_R2_res0.05.pgm,7,20,-24.367891079557214,1433.0806451612902,708,460,248,sift,6.262555360794067,False,144.37368774414062,33.33333333333333,0.005825790865726534
217,MiniOverlap_R2_res0.05.pgm_SouthWing_res0.05.pgm,7,21,-179.13449746478648,1360.7340823970037,708,470,267,sift,3.539700746536255,False,452.3846740722656,0.0,0.9232617907063302
218,FuulPath_res0.05.pgm_Block_R1_res0.05.pgm,7,22,13.030469831649327,1176.4717948717948,657,334,195,sift,3.4811477661132812,False,427.56103515625,0.0,0.9990398369300822
219,FuulPath_res0.05.pgm_Block_R2_res0.05.pgm,7,23,-1.7344652675323604,1376.8803088803088,657,460,259,sift,6.552058935165405,False,549.3758544921875,1.0600706713780919,0.9975891942072611
220,FuulPath_res0.05.pgm_SouthWing_res0.05.pgm,7,24,42.15852602261957,1445.0503875968993,657,470,258,sift,3.4122674465179443,False,488.0043029785156,0.0,0.2834112358185438
221,Block_R1_res0.05.pgm_Block_R2_res0.05.pgm,7,25,-15.175718296505066,1329.816037735849,334,460,212,sift,6.521909713745117,False,396.2879943847656,1.5444015444015444,1.0014937066096845
222,Block_R1_res0.05.pgm_SouthWing_res0.05.pgm,7,26,80.92250447484636,1459.6858638743456,334,470,191,sift,3.479267120361328,False,461.516357421875,0.0,1.009930589028853
223,Block_R2_res0.05.pgm_SouthWing_res0.05.pgm,7,27,96.48426915928783,1375.556074766355,460,470,214,sift,4.63469386100769,False,474.19708251953125,0.0,1.0150717786069958
224,2RobotsFull_R2_res0.05.pgm_2RobotsFull_R1_res0.05.pgm,8,0,-42.45199949700242,1521.0655172413792,567,658,290,sift,7.550826549530029,False,619.0938720703125,0.7017543859649122,0.8063687678120914
225,2RobotsFull_R1_res0.05.pgm_MiniOverlap_R1_res0.05.pgm,8,1,-5.880823133672332,1376.08038585209,658,694,311,sift,4.835835695266724,False,505.2550048828125,0.5882352941176471,0.9988200570178971
226,2RobotsFull_R1_res0.05.pgm_MiniOverlap_R2_res0.05.pgm,8,2,-1.9001189851182783,1400.5060240963855,658,708,332,sift,5.772180080413818,False,512.0578002929688,0.0,1.0017624058899455
227,2RobotsFull_R1_res0.05.pgm_FuulPath_res0.05.pgm,8,3,-4.462759551040658,1410.5531135531135,658,657,273,sift,5.72373628616333,False,548.5128173828125,0.0,1.001956566193898
228,Block_R1_res0.05.pgm_2RobotsFull_R1_res0.05.pgm,8,4,-8.756684067531165,1517.217741935484,334,658,248,sift,7.505521774291992,False,537.8439331054688,0.3225806451612903,1.0027073656115315
229,2RobotsFull_R1_res0.05.pgm_Block_R2_res0.05.pgm,8,5,-6.42898133642934,1408.5647058823529,658,460,255,sift,8.92095398902893,False,523.6631469726562,0.0,0.9990527656848498
230,SouthWing_res0.05.pgm_2RobotsFull_R1_res0.05.pgm,8,6,-89.38632942390458,1447.3948339483395,470,658,271,sift,7.952289581298828,False,690.7166137695312,0.0,0.9966585943144981
231,2RobotsFull_R2_res0.05.pgm_MiniOverlap_R1_res0.05.pgm,8,7,35.694569150356806,1321.8079470198675,567,694,302,sift,4.812675952911377,False,435.4923095703125,0.273224043715847,0.9997579577739513
232,2RobotsFull_R2_res0.05.pgm_MiniOverlap_R2_res0.05.pgm,8,8,82.466542905883,1442.135646687697,567,708,317,sift,4.7799153327941895,False,523.3863525390625,0.0,0.23862107413535374
233,2RobotsFull_R2_res0.05.pgm_FuulPath_res0.05.pgm,8,9,36.67147746598684,1302.787456445993,567,657,287,sift,5.325014114379883,False,453.411376953125,0.0,0.9965325449565358
234,Block_R1_res0.05.pgm_2RobotsFull_R2_res0.05.pgm,8,10,-49.972219042266325,1368.0747663551401,334,567,214,sift,7.255337953567505,False,490.4812316894531,0.0,1.0026744800597134
235,2RobotsFull_R2_res0.05.pgm_Block_R2_res0.05.pgm,8,11,35.86491509865436,1369.8152610441766,567,460,249,sift,7.675655364990234,False,445.11187744140625,0.0,0.9939677197564198
236,2RobotsFull_R2_res0.05.pgm_SouthWing_res0.05.pgm,8,12,150.03969649172487,1405.00790513834,567,470,253,sift,4.831421852111816,False,552.3056640625,0.0,1.064079298243632
237,MiniOverlap_R1_res0.05.pgm_MiniOverlap_R2_res0.05.pgm,8,13,-70.97424002215448,1445.7146739130435,694,708,368,sift,3.726693630218506,False,466.240478515625,0.0,0.9358205972524558
238,MiniOverlap_R1_res0.05.pgm_FuulPath_res0.05.pgm,8,14,1.5865212416448018,1317.0917159763314,694,657,338,sift,3.7528445720672607,False,547.53173828125,0.0,1.0022501904783472
239,MiniOverlap_R1_res0.05.pgm_Block_R1_res0.05.pgm,8,15,14.5762749737364,1186.1256281407036,694,334,199,sift,3.5599052906036377,False,312.2138366699219,1.0101010101010102,0.9991695227234312
240,MiniOverlap_R1_res0.05.pgm_Block_R2_res0.05.pgm,8,16,-0.5787791850155332,1303.3607142857143,694,460,280,sift,6.829172372817993,False,382.34075927734375,0.0,0.9989439233523012
241,MiniOverlap_R1_res0.05.pgm_SouthWing_res0.05.pgm,8,17,112.24420321329522,1403.1904761904761,694,470,273,sift,3.9099206924438477,False,467.2305603027344,0.0,1.0105345072371787
242,MiniOverlap_R2_res0.05.pgm_FuulPath_res0.05.pgm,8,18,-2.6454305264567632,1363.9932432432433,708,657,296,sift,3.7680704593658447,False,518.3722534179688,0.0,1.000432425295276
243,MiniOverlap_R2_res0.05.pgm_Block_R1_res0.05.pgm,8,19,102.51694248320408,1294.1884816753927,708,334,191,sift,3.5855789184570312,False,464.25787353515625,0.0,1.0311643022463286
244,MiniOverlap_R2_res0.05.pgm_Block_R2_res0.05.pgm,8,20,83.3517023066973,1433.0806451612902,708,460,248,sift,6.6225745677948,False,519.8534545898438,0.0,1.0391841000033735
245,MiniOverlap_R2_res0.05.pgm_SouthWing_res0.05.pgm,8,21,-179.13449746478648,1360.7340823970037,708,470,267,sift,3.554466962814331,False,452.3846740722656,0.0,0.9232617907063302
246,FuulPath_res0.05.pgm_Block_R1_res0.05.pgm,8,22,13.030469831649327,1176.4717948717948,657,334,195,sift,3.5106430053710938,False,427.56103515625,0.0,0.9990398369300822
247,FuulPath_res0.05.pgm_Block_R2_res0.05.pgm,8,23,-1.734465267532354,1376.8803088803088,657,460,259,sift,6.732090711593628,False,549.3758544921875,1.0600706713780919,0.9975891942072611
248,FuulPath_res0.05.pgm_SouthWing_res0.05.pgm,8,24,149.47861351101534,1445.0503875968993,657,470,258,sift,3.5436925888061523,False,586.8317260742188,0.0,1.0425884693109748
249,Block_R1_res0.05.pgm_Block_R2_res0.05.pgm,8,25,-15.19662988135907,1329.816037735849,334,460,212,sift,6.451598405838013,False,391.58966064453125,0.38314176245210724,1.0019379748642077
250,Block_R1_res0.05.pgm_SouthWing_res0.05.pgm,8,26,80.92250447484636,1459.6858638743456,334,470,191,sift,3.480755090713501,False,461.516357421875,0.0,1.009930589028853
251,Block_R2_res0.05.pgm_SouthWing_res0.05.pgm,8,27,96.24205354987963,1375.556074766355,460,470,214,sift,4.608707904815674,False,456.612548828125,0.0,1.0126745889747253
252,2RobotsFull_R2_res0.05.pgm_2RobotsFull_R1_res0.05.pgm,9,0,-42.45199949700242,1521.0655172413792,567,658,290,sift,7.484419107437134,False,619.0938720703125,0.7017543859649122,0.8063687678120914
253,2RobotsFull_R1_res0.05.pgm_MiniOverlap_R1_res0.05.pgm,9,1,-5.724438739985394,1376.08038585209,658,694,311,sift,4.7507688999176025,False,503.6283264160156,0.5934718100890208,0.9974960879254077
254,2RobotsFull_R1_res0.05.pgm_MiniOverlap_R2_res0.05.pgm,9,2,-1.919625894272604,1400.5060240963855,658,708,332,sift,5.649860620498657,False,484.26055908203125,0.0,0.9992982970965577
255,2RobotsFull_R1_res0.05.pgm_FuulPath_res0.05.pgm,9,3,-4.467174846503244,1410.5531135531135,658,657,273,sift,6.060880184173584,False,535.21240234375,0.0,1.0016520505921795
256,Block_R1_res0.05.pgm_2RobotsFull_R1_res0.05.pgm,9,4,-8.87275024890276,1517.217741935484,334,658,248,sift,7.5299389362335205,False,552.3079833984375,0.6269592476489028,1.0031008956551761
257,2RobotsFull_R1_res0.05.pgm_Block_R2_res0.05.pgm,9,5,-6.351200827757794,1408.5647058823529,658,460,255,sift,8.564211130142212,False,531.6531372070312,0.0,0.9993933649555433
258,SouthWing_res0.05.pgm_2RobotsFull_R1_res0.05.pgm,9,6,-89.23782191662805,1447.3948339483395,470,658,271,sift,6.7521812915802,False,691.2960205078125,0.0,0.9961134924417576
259,2RobotsFull_R2_res0.05.pgm_MiniOverlap_R1_res0.05.pgm,9,7,35.81624240752453,1321.8079470198675,567,694,302,sift,4.904347896575928,False,426.1482849121094,0.2777777777777778,0.9999932255398698
260,2RobotsFull_R2_res0.05.pgm_MiniOverlap_R2_res0.05.pgm,9,8,82.466542905883,1442.135646687697,567,708,317,sift,4.531926393508911,False,523.3863525390625,0.0,0.23862107413535374
261,2RobotsFull_R2_res0.05.pgm_FuulPath_res0.05.pgm,9,9,36.608520842927135,1302.787456445993,567,657,287,sift,4.711835145950317,False,435.8477783203125,0.0,1.0005964016369147
262,Block_R1_res0.05.pgm_2RobotsFull_R2_res0.05.pgm,9,10,-49.97221904226634,1368.0747663551401,334,567,214,sift,6.511369943618774,False,490.4812316894531,0.0,1.0026744800597136
263,2RobotsFull_R2_res0.05.pgm_Block_R2_res0.05.pgm,9,11,35.79258755544061,1369.8152610441766,567,460,249,sift,7.396238088607788,False,463.80029296875,0.7017543859649122,0.9941755142719468
264,2RobotsFull_R2_res0.05.pgm_SouthWing_res0.05.pgm,9,12,150.03969649172487,1405.00790513834,567,470,253,sift,4.702818870544434,False,552.3056640625,0.0,1.064079298243632
265,MiniOverlap_R1_res0.05.pgm_MiniOverlap_R2_res0.05.pgm,9,13,-65.85857480127144,1445.7146739130435,694,708,368,sift,3.513723611831665,False,454.81787109375,0.0,0.5146024026188981
266,MiniOverlap_R1_res0.05.pgm_FuulPath_res0.05.pgm,9,14,1.4707965089161883,1317.0917159763314,694,657,338,sift,3.5787947177886963,False,517.4635620117188,0.0,1.0021182385746574
267,MiniOverlap_R1_res0.05.pgm_Block_R1_res0.05.pgm,9,15,14.589298313141947,1186.1256281407036,694,334,199,sift,3.7029812335968018,False,334.28997802734375,0.9708737864077669,0.9990308524599144
268,MiniOverlap_R1_res0.05.pgm_Block_R2_res0.05.pgm,9,16,-0.6015354410938643,1303.3607142857143,694,460,280,sift,7.073688745498657,False,384.19110107421875,0.0,1.0000253341724594
269,MiniOverlap_R1_res0.05.pgm_SouthWing_res0.05.pgm,9,17,112.24420321329522,1403.1904761904761,694,470,273,sift,4.669299364089966,False,467.2305603027344,0.0,1.0105345072371787
270,MiniOverlap_R2_res0.05.pgm_FuulPath_res0.05.pgm,9,18,-2.6454305264567632,1363.9932432432433,708,657,296,sift,3.608114719390869,False,518.3722534179688,0.0,1.000432425295276
271,MiniOverlap_R2_res0.05.pgm_Block_R1_res0.05.pgm,9,19,102.51694248320408,1294.1884816753927,708,334,191,sift,3.5249452590942383,False,464.25787353515625,0.0,1.0311643022463286
272,MiniOverlap_R2_res0.05.pgm_Block_R2_res0.05.pgm,9,20,82.82881095507989,1433.0806451612902,708,460,248,sift,6.656529903411865,False,496.4375,1.2903225806451613,1.0430789188078944
273,MiniOverlap_R2_res0.05.pgm_SouthWing_res0.05.pgm,9,21,-179.13449746478648,1360.7340823970037,708,470,267,sift,3.5985910892486572,False,452.3846740722656,0.0,0.9232617907063302
274,FuulPath_res0.05.pgm_Block_R1_res0.05.pgm,9,22,13.155073662779664,1176.4717948717948,657,334,195,sift,3.4531967639923096,False,413.61480712890625,0.0,0.9999773106602399
275,FuulPath_res0.05.pgm_Block_R2_res0.05.pgm,9,23,-1.942188383997933,1376.8803088803088,657,460,259,sift,6.547530174255371,False,553.7052001953125,0.6896551724137931,0.9968334160210649
276,FuulPath_res0.05.pgm_SouthWing_res0.05.pgm,9,24,149.47861351101534,1445.0503875968993,657,470,258,sift,3.6447231769561768,False,586.8317260742188,0.0,1.0425884693109748
277,Block_R1_res0.05.pgm_Block_R2_res0.05.pgm,9,25,-15.172659440565676,1329.816037735849,334,460,212,sift,6.57055139541626,False,398.8554992675781,0.78125,1.0013644545409428
278,Block_R1_res0.05.pgm_SouthWing_res0.05.pgm,9,26,81.09212336567636,1459.6858638743456,334,470,191,sift,3.458164691925049,False,432.13037109375,0.0,1.008345190396071
279,Block_R2_res0.05.pgm_SouthWing_res0.05.pgm,9,27,96.24205354987963,1375.556074766355,460,470,214,sift,4.604562520980835,False,456.612548828125,0.0,1.0126745889747253
280,2RobotsFull_R2_res0.05.pgm_2RobotsFull_R1_res0.05.pgm,10,0,-49.374629135585316,1521.0655172413792,567,658,290,sift,7.569622993469238,False,661.3679809570312,0.0,1.0535071021896194
281,2RobotsFull_R1_res0.05.pgm_MiniOverlap_R1_res0.05.pgm,10,1,-5.724438739985394,1376.08038585209,658,694,311,sift,6.362054109573364,False,503.6283264160156,0.5934718100890208,0.9974960879254077
282,2RobotsFull_R1_res0.05.pgm_MiniOverlap_R2_res0.05.pgm,10,2,-1.9196258942725961,1400.5060240963855,658,708,332,sift,5.537630319595337,False,484.26055908203125,0.0,0.999298297096558
283,2RobotsFull_R1_res0.05.pgm_FuulPath_res0.05.pgm,10,3,-4.4920970206705615,1410.5531135531135,658,657,273,sift,4.8700315952301025,False,548.038818359375,0.0,1.0012198824059322
284,Block_R1_res0.05.pgm_2RobotsFull_R1_res0.05.pgm,10,4,-8.87275024890277,1517.217741935484,334,658,248,sift,6.479848623275757,False,552.3079833984375,0.6269592476489028,1.0031008956551766
285,2RobotsFull_R1_res0.05.pgm_Block_R2_res0.05.pgm,10,5,-6.475438519995087,1408.5647058823529,658,460,255,sift,7.465770959854126,False,513.0230712890625,0.0,0.9976422906273438
286,SouthWing_res0.05.pgm_2RobotsFull_R1_res0.05.pgm,10,6,-89.23782191662805,1447.3948339483395,470,658,271,sift,7.083292722702026,False,691.2960205078125,0.0,0.9961134924417576
287,2RobotsFull_R2_res0.05.pgm_MiniOverlap_R1_res0.05.pgm,10,7,35.67918125677786,1321.8079470198675,567,694,302,sift,4.946471214294434,False,417.45501708984375,0.819672131147541,0.9990559456448281
288,2RobotsFull_R2_res0.05.pgm_MiniOverlap_R2_res0.05.pgm,10,8,82.466542905883,1442.135646687697,567,708,317,sift,4.57881236076355,False,523.3863525390625,0.0,0.23862107413535374
289,2RobotsFull_R2_res0.05.pgm_FuulPath_res0.05.pgm,10,9,36.939550724611145,1302.787456445993,567,657,287,sift,4.766383171081543,False,474.3363952636719,0.0,1.0000256177023155
290,Block_R1_res0.05.pgm_2RobotsFull_R2_res0.05.pgm,10,10,-49.93880366340286,1368.0747663551401,334,567,214,sift,6.649317741394043,False,488.6561279296875,0.0,1.0016648667662418
291,2RobotsFull_R2_res0.05.pgm_Block_R2_res0.05.pgm,10,11,35.757851263845204,1369.8152610441766,567,460,249,sift,7.507219314575195,False,425.0303039550781,1.0204081632653061,0.9945823652059786
292,2RobotsFull_R2_res0.05.pgm_SouthWing_res0.05.pgm,10,12,150.03969649172487,1405.00790513834,567,470,253,sift,4.959346771240234,False,552.3056640625,0.0,1.064079298243632
293,MiniOverlap_R1_res0.05.pgm_MiniOverlap_R2_res0.05.pgm,10,13,-65.85857480127144,1445.7146739130435,694,708,368,sift,3.5287628173828125,False,454.81787109375,0.0,0.5146024026188981
294,MiniOverlap_R1_res0.05.pgm_FuulPath_res0.05.pgm,10,14,1.3921494195371567,1317.0917159763314,694,657,338,sift,3.604825258255005,False,502.4950866699219,0.0,1.0037908812152996
295,MiniOverlap_R1_res0.05.pgm_Block_R1_res0.05.pgm,10,15,14.615914159578185,1186.1256281407036,694,334,199,sift,3.746852159500122,False,329.0067443847656,0.9569377990430622,0.9978737415030688
296,MiniOverlap_R1_res0.05.pgm_Block_R2_res0.05.pgm,10,16,-0.6067829234638771,1303.3607142857143,694,460,280,sift,6.51941442489624,False,355.2001647949219,1.0273972602739725,0.9995978276262675
297,MiniOverlap_R1_res0.05.pgm_SouthWing_res0.05.pgm,10,17,113.65358184428443,1403.1904761904761,694,470,273,sift,3.631324529647827,False,459.4304504394531,0.0,1.0204776400229782
298,MiniOverlap_R2_res0.05.pgm_FuulPath_res0.05.pgm,10,18,-2.5595651886538158,1363.9932432432433,708,657,296,sift,3.670654296875,False,537.8447265625,0.0,1.0015918676771294
299,MiniOverlap_R2_res0.05.pgm_Block_R1_res0.05.pgm,10,19,102.51694248320408,1294.1884816753927,708,334,191,sift,3.5568220615386963,False,464.25787353515625,0.0,1.0311643022463286
300,MiniOverlap_R2_res0.05.pgm_Block_R2_res0.05.pgm,10,20,82.82881095507989,1433.0806451612902,708,460,248,sift,6.603016376495361,False,496.4375,1.2903225806451613,1.0430789188078944
301,MiniOverlap_R2_res0.05.pgm_SouthWing_res0.05.pgm,10,21,-178.53359207422866,1360.7340823970037,708,470,267,sift,3.734879970550537,False,471.2514343261719,0.0,1.0259192481953432
302,FuulPath_res0.05.pgm_Block_R1_res0.05.pgm,10,22,13.155073662779664,1176.4717948717948,657,334,195,sift,3.9927139282226562,False,413.61480712890625,0.0,0.9999773106602399
303,FuulPath_res0.05.pgm_Block_R2_res0.05.pgm,10,23,-1.9064701393889847,1376.8803088803088,657,460,259,sift,7.9814229011535645,False,518.5950927734375,0.7092198581560284,0.9984711656541733
304,FuulPath_res0.05.pgm_SouthWing_res0.05.pgm,10,24,91.01465549353958,1445.0503875968993,657,470,258,sift,4.596713542938232,False,759.448974609375,0.0,0.992885399958333
305,Block_R1_res0.05.pgm_Block_R2_res0.05.pgm,10,25,-15.201264656817512,1329.816037735849,334,460,212,sift,8.06941270828247,False,373.6234436035156,1.639344262295082,1.0018225631710935
306,Block_R1_res0.05.pgm_SouthWing_res0.05.pgm,10,26,82.64072708839763,1459.6858638743456,334,470,191,sift,4.293370008468628,False,468.7198181152344,0.0,1.0095634291047773
307,Block_R2_res0.05.pgm_SouthWing_res0.05.pgm,10,27,96.24205354987963,1375.556074766355,460,470,214,sift,5.120090484619141,False,456.612548828125,0.0,1.0126745889747253
