,file_name,iteration,actual_theta(degrees),calculated_theta(degrees),average_distance,original_num_features,rotated_num_features,num_good_matches,detector_type,elapsed_time(s),successful_merge,distance_from_feature_after_merge,noise,scale,scale_recovered
0,2RobotsFull_R1_res0.05.pgm,0,0,-0.00020313368979867183,776.9575,492,1394,400,sift,16.45554828643799,True,0.3053891062736511,0.01,1,0.999996174405044
1,2RobotsFull_R1_res0.05.pgm,1,0,0.00207062089800817,861.8300970873786,492,1387,412,sift,15.079408407211304,True,0.40835973620414734,0.01,1,0.9999903377954311
2,2RobotsFull_R1_res0.05.pgm,2,0,0.0017439282802675497,903.5995024875622,492,1392,402,sift,14.785146951675415,True,0.6171528697013855,0.01,1,1.0000202534281584
3,2RobotsFull_R1_res0.05.pgm,3,0,-0.007786117673698145,817.5657568238213,492,1384,403,sift,17.736281633377075,False,5.578909397125244,0.01,1,0.9999540142418208
4,2RobotsFull_R1_res0.05.pgm,4,0,-0.006417082795087273,764.4024691358024,492,1345,405,sift,18.87392830848694,False,4.034988880157471,0.01,1,1.0001408879575493
5,2RobotsFull_R1_res0.05.pgm,0,0,-0.008591672487515339,1313.4285714285713,492,5472,420,sift,20.37537169456482,False,258.99200439453125,0.02,1,0.9999292273111193
6,2RobotsFull_R1_res0.05.pgm,1,0,0.00019831900040433203,1363.7668997668998,492,5401,429,sift,17.245445013046265,False,270.1583557128906,0.02,1,0.9999814884189174
7,2RobotsFull_R1_res0.05.pgm,2,0,0.004396234014691218,1387.4731934731935,492,5375,429,sift,17.913007497787476,False,356.595458984375,0.02,1,1.0000282008710848
8,2RobotsFull_R1_res0.05.pgm,3,0,-0.005303069187006922,1401.4137115839244,492,5479,423,sift,16.469932317733765,False,275.8580017089844,0.02,1,0.9999493015892889
9,2RobotsFull_R1_res0.05.pgm,4,0,-0.0015229130851681625,1297.6413301662708,492,5465,421,sift,15.5377836227417,False,295.1314392089844,0.02,1,0.9999483171374294
10,2RobotsFull_R1_res0.05.pgm,0,0,-0.0037999326361920806,1580.3140877598153,492,14321,433,sift,15.967161655426025,False,460.34088134765625,0.03,1,0.9998841129845372
11,2RobotsFull_R1_res0.05.pgm,1,0,0.003595244906727445,1599.795918367347,492,14748,441,sift,16.92827582359314,False,459.3523254394531,0.03,1,1.0001792750361584
12,2RobotsFull_R1_res0.05.pgm,2,0,0.007720966984571753,1671.3682983682984,492,14520,429,sift,16.346864461898804,False,605.3871459960938,0.03,1,0.9998485168925791
13,2RobotsFull_R1_res0.05.pgm,3,0,-0.004273153004362214,1648.8220140515223,492,14699,427,sift,15.940140724182129,False,411.068115234375,0.03,1,0.9999964502778763
14,2RobotsFull_R1_res0.05.pgm,4,0,-0.004488105287817322,1547.041570438799,492,14580,433,sift,15.94998288154602,False,446.6109924316406,0.03,1,0.9999593793635883
15,2RobotsFull_R1_res0.05.pgm,0,0,-0.000698175790595793,1780.1547085201794,492,28698,446,sift,17.052648305892944,False,545.9901123046875,0.04,1,0.9998614056742001
16,2RobotsFull_R1_res0.05.pgm,1,0,-0.005919438456716411,1781.3566591422123,492,28624,443,sift,16.885476112365723,False,516.7203979492188,0.04,1,1.0000843319956012
17,2RobotsFull_R1_res0.05.pgm,2,0,-0.010292936721001907,1765.3447488584475,492,28606,438,sift,16.803776741027832,False,556.723876953125,0.04,1,1.000094358559708
18,2RobotsFull_R1_res0.05.pgm,3,0,-0.004368916429117002,1803.2969837587007,492,28389,431,sift,16.83730936050415,False,549.084716796875,0.04,1,0.9998329012312864
19,2RobotsFull_R1_res0.05.pgm,4,0,0.03133779046221818,1740.5240274599541,492,28510,437,sift,17.04673719406128,False,546.36328125,0.04,1,0.9995870232432152
20,2RobotsFull_R2_res0.05.pgm,0,0,0.00613408184268862,684.0394431554524,528,1345,431,sift,15.105013370513916,True,0.8734077215194702,0.01,1,0.9999321837144513
21,2RobotsFull_R2_res0.05.pgm,1,0,-0.0017833042137581248,685.7452830188679,528,1308,424,sift,15.031348943710327,True,0.6177870035171509,0.01,1,0.9999955551422155
22,2RobotsFull_R2_res0.05.pgm,2,0,-0.004611069782379144,676.995238095238,528,1295,420,sift,15.026875257492065,False,2.697226047515869,0.01,1,0.9999404295826735
23,2RobotsFull_R2_res0.05.pgm,3,0,0.002656010080357562,682.9828850855746,528,1234,409,sift,18.23198366165161,True,0.604581892490387,0.01,1,0.9999614662535515
24,2RobotsFull_R2_res0.05.pgm,4,0,-0.006938027303171988,747.0586854460093,528,1356,426,sift,14.799903631210327,False,48.156612396240234,0.01,1,0.9999339498225027
25,2RobotsFull_R2_res0.05.pgm,0,0,0.004934024108932919,1081.7162790697676,528,5365,430,sift,15.35653305053711,False,251.28382873535156,0.02,1,0.9999769050393846
26,2RobotsFull_R2_res0.05.pgm,1,0,-0.01109032798611732,1108.6997690531177,528,5248,433,sift,15.266369342803955,False,295.6861572265625,0.02,1,0.9999523508296834
27,2RobotsFull_R2_res0.05.pgm,2,0,-0.005573537991490125,1129.560975609756,528,5116,410,sift,15.332517862319946,False,255.15789794921875,0.02,1,0.999890429525469
28,2RobotsFull_R2_res0.05.pgm,3,0,0.0028880530642982597,1083.232613908873,528,5234,417,sift,16.375569343566895,False,245.27330017089844,0.02,1,0.9999968229533892
29,2RobotsFull_R2_res0.05.pgm,4,0,-0.0018165391983516737,1169.065060240964,528,5375,415,sift,15.603206634521484,False,303.0237121582031,0.02,1,0.999847298996696
30,2RobotsFull_R2_res0.05.pgm,0,0,-0.0038864633206893207,1354.6951219512196,528,14470,410,sift,15.922729730606079,False,406.0975646972656,0.03,1,1.000169389177144
31,2RobotsFull_R2_res0.05.pgm,1,0,0.004373875678814668,1392.162162162162,528,14039,407,sift,15.90654444694519,False,324.4086608886719,0.03,1,0.9999702875776909
32,2RobotsFull_R2_res0.05.pgm,2,0,-0.0015543105497692522,1370.3813953488373,528,14061,430,sift,16.0436429977417,False,381.68505859375,0.03,1,0.999852406269033
33,2RobotsFull_R2_res0.05.pgm,3,0,-0.01127010750361389,1335.1995249406175,528,14463,421,sift,15.97970175743103,False,375.1861877441406,0.03,1,0.9998598426532341
34,2RobotsFull_R2_res0.05.pgm,4,0,-0.007904140769442297,1397.9697674418605,528,14797,430,sift,16.138794422149658,False,445.239501953125,0.03,1,1.0002472694358084
35,2RobotsFull_R2_res0.05.pgm,0,0,0.0063303908134285216,1495.0381861575179,528,28726,419,sift,16.918792963027954,False,412.93145751953125,0.04,1,1.0001921648325989
36,2RobotsFull_R2_res0.05.pgm,1,0,0.010582533148253987,1517.7139423076924,528,28249,416,sift,16.9036283493042,False,445.0419616699219,0.04,1,0.999724481032234
37,2RobotsFull_R2_res0.05.pgm,2,0,-0.014504020725223304,1534.0348837209303,528,28336,430,sift,16.930356740951538,False,428.63189697265625,0.04,1,1.000122511297325
38,2RobotsFull_R2_res0.05.pgm,3,0,0.01614904310551306,1524.5775656324583,528,28721,419,sift,17.07218098640442,False,488.54486083984375,0.04,1,0.9999838881426486
39,2RobotsFull_R2_res0.05.pgm,4,0,0.001693409895077138,1590.823113207547,528,28222,424,sift,16.97885298728943,False,469.18829345703125,0.04,1,1.0001517460268203
40,MiniOverlap_R1_res0.05.pgm,0,0,0.0029942964106868366,787.9367681498829,505,1029,427,sift,6.694323301315308,True,0.3224802017211914,0.01,1,1.0000910195134962
41,MiniOverlap_R1_res0.05.pgm,1,0,-0.0021591491366720786,726.7733990147783,505,939,406,sift,6.684787273406982,True,0.43412214517593384,0.01,1,0.9999529660713762
42,MiniOverlap_R1_res0.05.pgm,2,0,-0.0014754856839903523,758.1564792176039,505,974,409,sift,7.211268186569214,False,1.8215304613113403,0.01,1,0.9999664184178539
43,MiniOverlap_R1_res0.05.pgm,3,0,-0.009397273478354971,758.1296296296297,505,1002,432,sift,6.641816854476929,True,0.4128311574459076,0.01,1,1.0001368804274673
44,MiniOverlap_R1_res0.05.pgm,4,0,0.0002934360379051256,757.4009546539379,505,1034,419,sift,6.803598403930664,True,0.2716902196407318,0.01,1,1.000056898720517
45,MiniOverlap_R1_res0.05.pgm,0,0,0.0032824639040190404,1198.7903225806451,505,2842,434,sift,7.121736526489258,False,122.55224609375,0.02,1,1.0000224623821987
46,MiniOverlap_R1_res0.05.pgm,1,0,0.004705502106676574,1191.3073286052008,505,2965,423,sift,6.9476847648620605,False,182.6212921142578,0.02,1,0.999792860303221
47,MiniOverlap_R1_res0.05.pgm,2,0,-0.0022463579112099175,1282.3057471264367,505,2849,435,sift,6.977556228637695,False,193.49307250976562,0.02,1,1.0000740872727805
48,MiniOverlap_R1_res0.05.pgm,3,0,0.003625120853434849,1273.7494252873564,505,2963,435,sift,6.867941617965698,False,145.28060913085938,0.02,1,1.0000229458209096
49,MiniOverlap_R1_res0.05.pgm,4,0,-0.0016558123218026325,1195.1525821596244,505,2845,426,sift,6.868365287780762,False,137.09298706054688,0.02,1,0.9999664907651564
50,MiniOverlap_R1_res0.05.pgm,0,0,0.002892356407411829,1499.357476635514,505,6957,428,sift,7.245887041091919,False,264.5066223144531,0.03,1,0.9998136340241891
51,MiniOverlap_R1_res0.05.pgm,1,0,0.0066150423962798915,1472.0,505,7049,433,sift,7.216900110244751,False,272.9361572265625,0.03,1,0.9997825803882612
52,MiniOverlap_R1_res0.05.pgm,2,0,0.0014272096925151097,1578.1588785046729,505,6981,428,sift,7.159484386444092,False,268.4559020996094,0.03,1,0.9999125703831737
53,MiniOverlap_R1_res0.05.pgm,3,0,0.0024870695045360177,1501.715909090909,505,7131,440,sift,7.1778199672698975,False,251.69639587402344,0.03,1,1.0002519005348334
54,MiniOverlap_R1_res0.05.pgm,4,0,-0.0009896553294490758,1517.0471698113208,505,7204,424,sift,7.168656349182129,False,246.4857177734375,0.03,1,1.0000535832214015
55,MiniOverlap_R1_res0.05.pgm,0,0,0.010433022307586503,1658.3,505,13712,420,sift,7.611167669296265,False,380.8460388183594,0.04,1,0.9999418267612806
56,MiniOverlap_R1_res0.05.pgm,1,0,-0.0017910710769932167,1699.0648148148148,505,13132,432,sift,7.555499076843262,False,371.4559326171875,0.04,1,1.0003515779757994
57,MiniOverlap_R1_res0.05.pgm,2,0,0.0034910040554914884,1659.4074074074074,505,13136,432,sift,7.551424264907837,False,340.8974914550781,0.04,1,1.000194202754784
58,MiniOverlap_R1_res0.05.pgm,3,0,0.007835892540375552,1635.3223529411764,505,13049,425,sift,7.624633073806763,False,347.96722412109375,0.04,1,1.0001984281234613
59,MiniOverlap_R1_res0.05.pgm,4,0,-0.011484329107556666,1719.8074245939674,505,13097,431,sift,7.588453054428101,False,298.75360107421875,0.04,1,0.9992194978308759
60,MiniOverlap_R2_res0.05.pgm,0,0,0.002932237283031871,787.7986270022883,539,1069,437,sift,6.960697889328003,True,0.9713590145111084,0.01,1,1.0000431731950452
61,MiniOverlap_R2_res0.05.pgm,1,0,-0.0027510825626275537,870.2529002320185,539,981,431,sift,6.808912038803101,True,0.6862948536872864,0.01,1,1.0000127594352983
62,MiniOverlap_R2_res0.05.pgm,2,0,-0.008384430871257075,816.7810383747178,539,940,443,sift,6.634293079376221,True,0.5752913951873779,0.01,1,1.0000179034013081
63,MiniOverlap_R2_res0.05.pgm,3,0,0.008870866864459172,877.677927927928,539,983,444,sift,6.634235143661499,True,0.7282814979553223,0.01,1,1.0000005487012928
64,MiniOverlap_R2_res0.05.pgm,4,0,0.0029415177152941527,872.2612612612612,539,989,444,sift,6.611511945724487,True,0.6406883597373962,0.01,1,0.9999171114480742
65,MiniOverlap_R2_res0.05.pgm,0,0,-0.0052281506665424375,1296.7105263157894,539,2883,456,sift,7.00590443611145,False,189.38815307617188,0.02,1,0.9999634592060074
66,MiniOverlap_R2_res0.05.pgm,1,0,0.005840934655082082,1308.326754385965,539,2870,456,sift,6.994207143783569,False,105.90184020996094,0.02,1,1.0001284592807274
67,MiniOverlap_R2_res0.05.pgm,2,0,0.010186988545657458,1259.7875288683604,539,2820,433,sift,7.0871052742004395,False,226.55630493164062,0.02,1,0.9999705140801128
68,MiniOverlap_R2_res0.05.pgm,3,0,-0.005206822824881647,1298.219954648526,539,2948,441,sift,7.114665746688843,False,234.15382385253906,0.02,1,1.0000950630799563
69,MiniOverlap_R2_res0.05.pgm,4,0,0.008235890173200642,1315.4355555555555,539,2934,450,sift,6.992082118988037,False,241.33384704589844,0.02,1,1.0000293868217136
70,MiniOverlap_R2_res0.05.pgm,0,0,-0.00214051631587531,1544.4734513274336,539,6988,452,sift,7.233735084533691,False,295.29083251953125,0.03,1,1.0000365043520034
71,MiniOverlap_R2_res0.05.pgm,1,0,-0.004119757943025462,1571.1269487750558,539,6985,449,sift,7.661428451538086,False,303.6675720214844,0.03,1,0.9998949646472741
72,MiniOverlap_R2_res0.05.pgm,2,0,-0.0068862906096261705,1587.765625,539,7147,448,sift,7.194993019104004,False,298.5274963378906,0.03,1,1.0002006210119008
73,MiniOverlap_R2_res0.05.pgm,3,0,0.002326729858822013,1561.1982182628062,539,7151,449,sift,7.267904281616211,False,295.753173828125,0.03,1,1.0001204337586767
74,MiniOverlap_R2_res0.05.pgm,4,0,-0.013998644959754579,1584.5389755011136,539,7011,449,sift,7.209458112716675,False,319.53631591796875,0.03,1,1.0001235137836066
75,MiniOverlap_R2_res0.05.pgm,0,0,0.013281765426817542,1733.5521739130436,539,13187,460,sift,7.661186695098877,False,362.7899475097656,0.04,1,1.0000555475546502
76,MiniOverlap_R2_res0.05.pgm,1,0,0.0010230130364616015,1734.60088691796,539,13703,451,sift,7.629462718963623,False,344.1734924316406,0.04,1,1.0001364612335326
77,MiniOverlap_R2_res0.05.pgm,2,0,-0.0037805159511341392,1672.3107221006564,539,13662,457,sift,7.679605722427368,False,355.95086669921875,0.04,1,1.0000223765322456
78,MiniOverlap_R2_res0.05.pgm,3,0,-5.3048847404828875e-05,1763.1294642857142,539,13180,448,sift,7.6887383460998535,False,356.45819091796875,0.04,1,1.0001294530885783
79,MiniOverlap_R2_res0.05.pgm,4,0,0.0009418451263086161,1727.2355555555555,539,13347,450,sift,7.7082624435424805,False,339.0231628417969,0.04,1,1.0002211913337193
80,FuulPath_res0.05.pgm,0,0,0.0017780531868994253,592.2311212814645,530,1005,437,sift,6.664806365966797,True,0.22458341717720032,0.01,1,1.0000226851716958
81,FuulPath_res0.05.pgm,1,0,0.0020196409244311393,506.79864253393663,530,976,442,sift,6.639622926712036,True,0.28072503209114075,0.01,1,0.9999513048298161
82,FuulPath_res0.05.pgm,2,0,-0.0002704805581493557,657.1467889908257,530,969,436,sift,6.682370901107788,True,0.2725123465061188,0.01,1,0.9999986049433917
83,FuulPath_res0.05.pgm,3,0,0.0008065779691939886,564.6889400921659,530,954,434,sift,6.7906763553619385,True,0.21259477734565735,0.01,1,0.9998786043038846
84,FuulPath_res0.05.pgm,4,0,-0.0011283821000661084,581.4779582366589,530,1003,431,sift,6.724706411361694,True,0.29103368520736694,0.01,1,0.9999956227016433
85,FuulPath_res0.05.pgm,0,0,0.0002462732728723828,1013.279176201373,530,2971,437,sift,6.852589845657349,False,47.051368713378906,0.02,1,0.9999471682317912
86,FuulPath_res0.05.pgm,1,0,0.01065017342354035,964.9351851851852,530,2827,432,sift,6.878465175628662,False,147.0970916748047,0.02,1,0.999908763432061
87,FuulPath_res0.05.pgm,2,0,0.004357003255205327,981.5160550458716,530,2844,436,sift,6.916647672653198,False,158.57427978515625,0.02,1,1.0001299702937323
88,FuulPath_res0.05.pgm,3,0,0.003283938912600458,1011.5023148148148,530,3007,432,sift,6.881945371627808,False,144.36590576171875,0.02,1,1.0000190266197397
89,FuulPath_res0.05.pgm,4,0,0.003519340944126516,982.5186046511628,530,2941,430,sift,6.956022024154663,False,53.28034210205078,0.02,1,1.0000876559721559
90,FuulPath_res0.05.pgm,0,0,0.003344722027245674,1312.591111111111,530,7100,450,sift,7.276471853256226,False,340.750732421875,0.03,1,1.0001284205012164
91,FuulPath_res0.05.pgm,1,0,0.014842765068543885,1272.4031890660592,530,7172,439,sift,7.334717750549316,False,330.84613037109375,0.03,1,1.0001155179362453
92,FuulPath_res0.05.pgm,2,0,0.0020960472819767702,1248.4680365296804,530,7096,438,sift,7.219185829162598,False,288.5057067871094,0.03,1,0.999812407057454
93,FuulPath_res0.05.pgm,3,0,-0.012314912054635216,1284.3433179723502,530,6879,434,sift,7.191208124160767,False,341.2295227050781,0.03,1,1.0000554654113096
94,FuulPath_res0.05.pgm,4,0,-0.006579803819273427,1155.9287356321838,530,7038,435,sift,7.148014783859253,False,194.01068115234375,0.03,1,1.0001039726101024
95,FuulPath_res0.05.pgm,0,0,-0.0007265796109312127,1459.2866817155757,530,13749,443,sift,8.575809001922607,False,325.4765319824219,0.04,1,0.9998826892849361
96,FuulPath_res0.05.pgm,1,0,0.002637292552040992,1466.3472222222222,530,13373,432,sift,7.767607688903809,False,390.0005798339844,0.04,1,0.9998560193200673
97,FuulPath_res0.05.pgm,2,0,0.012357258662742496,1423.2259507829979,530,13161,447,sift,7.8416218757629395,False,404.4564514160156,0.04,1,1.0001194781590774
98,FuulPath_res0.05.pgm,3,0,-0.004797198520576847,1491.9634703196348,530,13421,438,sift,7.731404542922974,False,423.56884765625,0.04,1,1.000028059262517
99,FuulPath_res0.05.pgm,4,0,0.0030947576256154198,1447.7628635346757,530,13478,447,sift,7.69086217880249,False,374.4087219238281,0.04,1,1.0000572662493892
100,2RobotsFull_R1_res0.05.pgm,0,0,0.003968290112280557,0.7767804064532624,4291,45420,3119,surf,25.30498504638672,False,216.20611572265625,0.01,1,0.9999500627135505
101,2RobotsFull_R1_res0.05.pgm,1,0,-0.0036122541840732216,0.7776786951362898,4291,45045,3165,surf,26.357531309127808,False,203.0723876953125,0.01,1,1.0000585053510533
102,2RobotsFull_R1_res0.05.pgm,2,0,0.0009223461686426159,0.7900280702969908,4291,46067,3162,surf,28.91572856903076,False,230.39041137695312,0.01,1,0.9999965418655805
103,2RobotsFull_R1_res0.05.pgm,3,0,-0.002473665566551468,0.794944286954499,4291,45958,3100,surf,28.021729946136475,False,229.7239227294922,0.01,1,0.9999419983093271
104,2RobotsFull_R1_res0.05.pgm,4,0,-0.01717674929505101,0.7775886024628682,4291,45160,3187,surf,25.51070261001587,False,206.52920532226562,0.01,1,1.0000836601309055
105,2RobotsFull_R1_res0.05.pgm,0,0,0.006926286361211035,1.0060557307962434,4291,150046,2551,surf,48.06584668159485,False,324.0115051269531,0.02,1,1.0000077874087512
106,2RobotsFull_R1_res0.05.pgm,1,0,-0.008294528696372733,0.983367277898923,4291,150803,2622,surf,50.66250252723694,False,295.29986572265625,0.02,1,0.9999980008792058
107,2RobotsFull_R1_res0.05.pgm,2,0,-0.00840642295278156,0.9889553902507986,4291,150216,2575,surf,46.5154345035553,False,307.26129150390625,0.02,1,1.0001030706797638
108,2RobotsFull_R1_res0.05.pgm,3,0,0.018761951008306518,1.0047963326638059,4291,148740,2580,surf,43.44722652435303,False,286.5140075683594,0.02,1,1.000232901900343
109,2RobotsFull_R1_res0.05.pgm,4,0,-0.0052664999616514096,0.9898387146813254,4291,150205,2604,surf,45.38963747024536,False,303.4204406738281,0.02,1,0.9998741413979344
110,2RobotsFull_R1_res0.05.pgm,0,0,0.004178955826379235,1.1111337137291597,4291,221185,2150,surf,61.14735293388367,False,336.7872619628906,0.03,1,0.9997379865952429
111,2RobotsFull_R1_res0.05.pgm,1,0,-0.026150962072600332,1.1203507841737181,4291,221862,2106,surf,61.01988387107849,False,341.0498962402344,0.03,1,0.999937882375442
112,2RobotsFull_R1_res0.05.pgm,2,0,0.007285979140293406,1.1193029410158044,4291,221353,2146,surf,68.51416277885437,False,347.2465515136719,0.03,1,0.9998944542240745
113,2RobotsFull_R1_res0.05.pgm,3,0,-0.005065442581953862,1.1149062301993427,4291,221467,2121,surf,66.62917900085449,False,360.70703125,0.03,1,0.9997387951869816
114,2RobotsFull_R1_res0.05.pgm,4,0,-0.010069405400910019,1.1186677745486222,4291,221519,2133,surf,73.36959791183472,False,353.3363037109375,0.03,1,1.0001146265567957
115,2RobotsFull_R1_res0.05.pgm,0,0,-0.003905928613419907,1.1682750341335844,4291,255780,1804,surf,77.3323426246643,False,386.6402587890625,0.04,1,1.0000271592818486
116,2RobotsFull_R1_res0.05.pgm,1,0,0.030105420664543,1.1735812210689691,4291,256895,1838,surf,78.80167579650879,False,357.7781982421875,0.04,1,1.00019432985613
117,2RobotsFull_R1_res0.05.pgm,2,0,-0.007481230478411987,1.1729138327339061,4291,257452,1786,surf,78.82945513725281,False,353.6099548339844,0.04,1,0.9996942136370296
118,2RobotsFull_R1_res0.05.pgm,3,0,0.007904969379328816,1.1668029623971397,4291,257258,1819,surf,69.40231919288635,False,380.79998779296875,0.04,1,0.9998531670783992
119,2RobotsFull_R1_res0.05.pgm,4,0,-0.00289836722988781,1.1843514619635545,4291,257395,1782,surf,76.01756024360657,False,373.231201171875,0.04,1,1.0001429999687292
120,2RobotsFull_R2_res0.05.pgm,0,0,-0.0036310413977345083,0.7457788286932239,3786,43275,2467,surf,24.898162126541138,False,272.0734558105469,0.01,1,1.0000312098822015
121,2RobotsFull_R2_res0.05.pgm,1,0,0.0010024922827228339,0.7410727783760303,3786,43646,2472,surf,24.129714488983154,False,299.9146423339844,0.01,1,0.9999910662353905
122,2RobotsFull_R2_res0.05.pgm,2,0,0.0036226141787446715,0.7455138733519971,3786,42431,2407,surf,22.68614649772644,False,275.3109130859375,0.01,1,0.9999073456497686
123,2RobotsFull_R2_res0.05.pgm,3,0,0.0002775991512747641,0.744829021999555,3786,42994,2431,surf,23.992865562438965,False,294.5317687988281,0.01,1,0.9999772419162491
124,2RobotsFull_R2_res0.05.pgm,4,0,-0.0030375097642359994,0.7492963622480594,3786,43381,2447,surf,25.056983709335327,False,294.6264343261719,0.01,1,1.0000034339330686
125,2RobotsFull_R2_res0.05.pgm,0,0,-0.0022770485480007284,0.9669274516385279,3786,146942,2025,surf,46.92320942878723,False,374.13116455078125,0.02,1,0.9998191385537608
126,2RobotsFull_R2_res0.05.pgm,1,0,0.0002989569772227724,0.959768536455069,3786,146712,2044,surf,47.66844654083252,False,373.7859191894531,0.02,1,1.000031566122605
127,2RobotsFull_R2_res0.05.pgm,2,0,-0.0029327732209396403,0.9712401357873771,3786,147706,2012,surf,46.65695285797119,False,381.68731689453125,0.02,1,1.0000340729384238
128,2RobotsFull_R2_res0.05.pgm,3,0,-0.0042325879131822775,0.9806455247563349,3786,146798,2012,surf,45.035808801651,False,357.8219299316406,0.02,1,1.0001519951643203
129,2RobotsFull_R2_res0.05.pgm,4,0,0.006013943430831545,0.9778674207496667,3786,147673,1989,surf,49.210596799850464,False,368.26129150390625,0.02,1,1.0000415893368553
130,2RobotsFull_R2_res0.05.pgm,0,0,-0.006704181027105123,1.1071899955269697,3786,219735,1601,surf,63.36241149902344,False,410.20135498046875,0.03,1,0.9999313585177013
131,2RobotsFull_R2_res0.05.pgm,1,0,0.004883318813726238,1.1115844655307192,3786,219654,1632,surf,62.10942721366882,False,394.5793151855469,0.03,1,0.9998997149960186
132,2RobotsFull_R2_res0.05.pgm,2,0,-0.00930557448973258,1.09934074464012,3786,219110,1635,surf,62.25786590576172,False,383.83282470703125,0.03,1,0.9996922158348044
133,2RobotsFull_R2_res0.05.pgm,3,0,-0.013528493494441761,1.1055702993892274,3786,218695,1590,surf,64.46214890480042,False,392.6593933105469,0.03,1,0.9997937894987892
134,2RobotsFull_R2_res0.05.pgm,4,0,-0.0028056791338762787,1.1033117964448576,3786,219066,1615,surf,62.08536195755005,False,405.1537780761719,0.03,1,0.999993616323554
135,2RobotsFull_R2_res0.05.pgm,0,0,-0.016864789371417655,1.1811617096310727,3786,255069,1308,surf,69.99135327339172,False,407.81817626953125,0.04,1,0.9999798651081875
136,2RobotsFull_R2_res0.05.pgm,1,0,0.017135133025319386,1.1926459316164255,3786,254582,1328,surf,69.71406769752502,False,400.2323913574219,0.04,1,1.0005785307997455
137,2RobotsFull_R2_res0.05.pgm,2,0,-0.05651082104112254,1.1939666576807886,3786,254247,1318,surf,74.89872312545776,False,374.6345520019531,0.04,1,1.000917130956848
138,2RobotsFull_R2_res0.05.pgm,3,0,-0.012164837412279436,1.1920007359936722,3786,254885,1330,surf,70.81428146362305,False,422.8537902832031,0.04,1,1.0002140246504287
139,2RobotsFull_R2_res0.05.pgm,4,0,-0.0016438345383042988,1.1811183512278682,3786,254575,1318,surf,62.77369952201843,False,407.912353515625,0.04,1,1.0001557435387511
140,MiniOverlap_R1_res0.05.pgm,0,0,-0.015283414870220748,0.7557551078322254,4224,23424,3173,surf,11.700979948043823,False,63.80364990234375,0.01,1,1.0000144148625392
141,MiniOverlap_R1_res0.05.pgm,1,0,0.002883609365429884,0.7773271013010716,4224,23463,3215,surf,11.631226778030396,False,70.13353729248047,0.01,1,1.0000629563721175
142,MiniOverlap_R1_res0.05.pgm,2,0,0.0030583687544072837,0.7536506278669903,4224,23422,3262,surf,11.607898473739624,False,68.20089721679688,0.01,1,0.9998672982158329
143,MiniOverlap_R1_res0.05.pgm,3,0,-0.004524204261483262,0.7745973715731295,4224,23782,3269,surf,11.863932132720947,False,63.85553741455078,0.01,1,0.9999632502256792
144,MiniOverlap_R1_res0.05.pgm,4,0,0.011704810182845232,0.7639874697433933,4224,23620,3246,surf,11.585386514663696,False,64.88741302490234,0.01,1,0.9998082810929353
145,MiniOverlap_R1_res0.05.pgm,0,0,0.0047652499273365505,0.9650601957947295,4224,68655,2675,surf,20.79108738899231,False,153.3550262451172,0.02,1,0.9998701962951347
146,MiniOverlap_R1_res0.05.pgm,1,0,0.010834465271473078,0.9739394096330903,4224,68421,2668,surf,20.508248329162598,False,144.18545532226562,0.02,1,0.9998816965866858
147,MiniOverlap_R1_res0.05.pgm,2,0,-0.0004057283853427426,0.9607502640408085,4224,68567,2701,surf,20.529254913330078,False,149.41683959960938,0.02,1,0.9996404043227668
148,MiniOverlap_R1_res0.05.pgm,3,0,0.004779846147959692,0.9780099698722543,4224,68216,2636,surf,20.691823959350586,False,160.59071350097656,0.02,1,0.9999814924313183
149,MiniOverlap_R1_res0.05.pgm,4,0,0.006885668612782816,0.9665035793174277,4224,67652,2720,surf,20.570234775543213,False,148.23544311523438,0.02,1,1.0001656245484511
150,MiniOverlap_R1_res0.05.pgm,0,0,-0.009707274645756474,1.0644923549085268,4224,99241,2228,surf,26.866536855697632,False,169.94085693359375,0.03,1,1.0000536333610928
151,MiniOverlap_R1_res0.05.pgm,1,0,0.010471170697370412,1.079767382642311,4224,98791,2199,surf,27.457144737243652,False,172.7250518798828,0.03,1,0.999873458402751
152,MiniOverlap_R1_res0.05.pgm,2,0,-0.028002885890519434,1.0706553003410668,4224,99441,2221,surf,26.141618967056274,False,183.7484893798828,0.03,1,1.0004326808181012
153,MiniOverlap_R1_res0.05.pgm,3,0,-0.0043422921790087,1.0659054752813342,4224,98886,2161,surf,26.841729879379272,False,168.0411376953125,0.03,1,0.9996829706889153
154,MiniOverlap_R1_res0.05.pgm,4,0,-0.01449668821382609,1.0627177862209753,4224,99260,2182,surf,26.35401487350464,False,171.03253173828125,0.03,1,1.0005162548813178
155,MiniOverlap_R1_res0.05.pgm,0,0,0.017148497042205578,1.1288823207595566,4224,114201,1796,surf,29.543250560760498,False,195.01278686523438,0.04,1,0.9994614210592064
156,MiniOverlap_R1_res0.05.pgm,1,0,-0.004514450819137782,1.1338343936858513,4224,114586,1833,surf,30.241321086883545,False,208.7332763671875,0.04,1,0.9996938670247537
157,MiniOverlap_R1_res0.05.pgm,2,0,0.006148090870322273,1.1352910524538156,4224,114939,1826,surf,30.371591806411743,False,210.5306396484375,0.04,1,0.9998180682786121
158,MiniOverlap_R1_res0.05.pgm,3,0,-0.007688057446014199,1.1321429943036878,4224,114414,1839,surf,30.20499062538147,False,197.67684936523438,0.04,1,0.9998696521769558
159,MiniOverlap_R1_res0.05.pgm,4,0,0.0022918104156352858,1.1274248259172117,4224,114476,1858,surf,30.405332326889038,False,181.1595916748047,0.04,1,1.0001092358128696
160,MiniOverlap_R2_res0.05.pgm,0,0,-0.001304986628786566,0.8240424162954267,3282,23144,2555,surf,10.933950901031494,False,94.85177612304688,0.01,1,1.0000082195234363
161,MiniOverlap_R2_res0.05.pgm,1,0,0.0030551197336836228,0.8346533153046038,3282,22905,2560,surf,10.592586755752563,False,82.67375946044922,0.01,1,0.9999092656619294
162,MiniOverlap_R2_res0.05.pgm,2,0,0.0044342698346349655,0.8196479375508892,3282,22556,2547,surf,10.35025691986084,False,98.42998504638672,0.01,1,0.9998519900902326
163,MiniOverlap_R2_res0.05.pgm,3,0,-0.001408740936285005,0.8207285216288048,3282,22824,2547,surf,10.350705623626709,False,91.08139038085938,0.01,1,1.0000922660960672
164,MiniOverlap_R2_res0.05.pgm,4,0,-0.0004314493400835299,0.8292533332124415,3282,23112,2589,surf,11.817294120788574,False,108.85108947753906,0.01,1,0.999880297219515
165,MiniOverlap_R2_res0.05.pgm,0,0,0.005437276112615557,1.0364556202110653,3282,67861,2164,surf,19.58970546722412,False,195.9097442626953,0.02,1,0.9997406459002994
166,MiniOverlap_R2_res0.05.pgm,1,0,0.0024491269103096122,1.0362788781155943,3282,67566,2188,surf,18.620781898498535,False,207.2121124267578,0.02,1,0.9998411743111448
167,MiniOverlap_R2_res0.05.pgm,2,0,0.015700645267350568,1.0441740220399895,3282,67942,2197,surf,17.849220991134644,False,191.8129119873047,0.02,1,1.0000309869135333
168,MiniOverlap_R2_res0.05.pgm,3,0,-0.00909789273310627,1.0548862674563917,3282,67980,2165,surf,17.88058114051819,False,214.15768432617188,0.02,1,0.9998437983265267
169,MiniOverlap_R2_res0.05.pgm,4,0,0.005320423669917551,1.0445473055035557,3282,67816,2147,surf,17.809502124786377,False,216.61985778808594,0.02,1,0.9998974581162711
170,MiniOverlap_R2_res0.05.pgm,0,0,0.012614608782049928,1.1404432060057028,3282,98268,1730,surf,22.832478523254395,False,240.91331481933594,0.03,1,0.9999392415721615
171,MiniOverlap_R2_res0.05.pgm,1,0,-0.012106523627509632,1.1357858714965003,3282,99049,1781,surf,23.273906469345093,False,221.2074737548828,0.03,1,0.9999416781517753
172,MiniOverlap_R2_res0.05.pgm,2,0,-0.011071880776339792,1.1349099450327198,3282,98172,1740,surf,22.905690908432007,False,243.5437774658203,0.03,1,0.9998940901031363
173,MiniOverlap_R2_res0.05.pgm,3,0,0.020306548358340695,1.145976450175164,3282,99354,1783,surf,22.902847290039062,False,219.2476806640625,0.03,1,1.0001602949697965
174,MiniOverlap_R2_res0.05.pgm,4,0,-0.006919400223982448,1.1566250878255888,3282,99278,1751,surf,23.306456565856934,False,251.8666534423828,0.03,1,1.0000749943902238
175,MiniOverlap_R2_res0.05.pgm,0,0,-0.018908560903849937,1.2085855626300068,3282,114579,1459,surf,25.983375787734985,False,260.29412841796875,0.04,1,1.0000918772469978
176,MiniOverlap_R2_res0.05.pgm,1,0,-0.01143911732545278,1.2124407045374674,3282,114010,1459,surf,25.773812532424927,False,231.07763671875,0.04,1,0.9994013813893847
177,MiniOverlap_R2_res0.05.pgm,2,0,0.012429667946306573,1.2036964878616188,3282,113699,1437,surf,28.733306407928467,False,240.25950622558594,0.04,1,1.0003283912721181
178,MiniOverlap_R2_res0.05.pgm,3,0,-0.019531856335758106,1.1968708667878447,3282,114778,1450,surf,26.952770233154297,False,259.9083251953125,0.04,1,0.9999413693053872
179,MiniOverlap_R2_res0.05.pgm,4,0,0.03276731133454666,1.1875171466667065,3282,114188,1438,surf,25.82207441329956,False,252.5271759033203,0.04,1,0.9986727955322344
180,FuulPath_res0.05.pgm,0,0,-0.002312179235213559,0.7132517324752918,4503,24385,3414,surf,12.399659395217896,False,148.90011596679688,0.01,1,1.0000326934897519
181,FuulPath_res0.05.pgm,1,0,-0.002126668172258796,0.6942060211444306,4503,24756,3407,surf,12.513076782226562,False,133.09323120117188,0.01,1,0.9999640621487258
182,FuulPath_res0.05.pgm,2,0,0.012437449215877035,0.702263675070103,4503,24899,3426,surf,12.298621892929077,False,168.0977020263672,0.01,1,1.0001186386170504
183,FuulPath_res0.05.pgm,3,0,0.0023135593123421324,0.7071045416231323,4503,24493,3472,surf,12.646484851837158,False,160.36997985839844,0.01,1,0.9999475504243283
184,FuulPath_res0.05.pgm,4,0,-0.0003002413980257185,0.7049094907604723,4503,24857,3428,surf,14.006117820739746,False,161.74053955078125,0.01,1,1.0000912961501283
185,FuulPath_res0.05.pgm,0,0,-0.0018270609814275097,0.9233531455861878,4503,69310,2922,surf,25.274873971939087,False,270.92083740234375,0.02,1,0.999958536470797
186,FuulPath_res0.05.pgm,1,0,0.0016468325525677704,0.9214981243693532,4503,69972,2896,surf,29.298452615737915,False,277.5984802246094,0.02,1,0.9999436533169581
187,FuulPath_res0.05.pgm,2,0,-0.009257866689054827,0.9175637412254941,4503,69896,2920,surf,30.764192581176758,False,276.85906982421875,0.02,1,1.000062156641924
188,FuulPath_res0.05.pgm,3,0,0.029296845452955272,0.934269631760461,4503,69786,2905,surf,26.16289258003235,False,280.11700439453125,0.02,1,1.0001740771203478
189,FuulPath_res0.05.pgm,4,0,-0.005681988222315249,0.9258253741748669,4503,69923,2929,surf,27.486081838607788,False,268.69378662109375,0.02,1,0.9998273852229893
190,FuulPath_res0.05.pgm,0,0,0.005712196565466695,1.052068500395208,4503,100272,2503,surf,35.58249354362488,False,292.3694152832031,0.03,1,0.9998486881782598
191,FuulPath_res0.05.pgm,1,0,0.002230002126928562,1.0509902197199608,4503,99760,2476,surf,32.9705650806427,False,309.9573669433594,0.03,1,1.0000309061824366
192,FuulPath_res0.05.pgm,2,0,-0.0008104197138082166,1.05269652322177,4503,100297,2460,surf,32.56974220275879,False,317.7335510253906,0.03,1,0.9998867509122232
193,FuulPath_res0.05.pgm,3,0,0.01228949645523602,1.0507991066386773,4503,100864,2406,surf,29.020735263824463,False,303.66748046875,0.03,1,1.0005378244528005
194,FuulPath_res0.05.pgm,4,0,-0.011274210552584828,1.0479763148607752,4503,100303,2503,surf,29.420191764831543,False,293.162353515625,0.03,1,0.9998981308479633
195,FuulPath_res0.05.pgm,0,0,0.005828981850087563,1.12807935615053,4503,114952,2062,surf,36.13664436340332,False,329.5665283203125,0.04,1,1.0002389560370155
196,FuulPath_res0.05.pgm,1,0,0.004180200146264978,1.1187712732280661,4503,115470,2093,surf,35.10169291496277,False,318.3238830566406,0.04,1,0.999980470138685
197,FuulPath_res0.05.pgm,2,0,-0.004427269736677471,1.1338523332172927,4503,115451,2157,surf,33.01074719429016,False,333.2352294921875,0.04,1,0.9997977704153697
198,FuulPath_res0.05.pgm,3,0,0.011980841779510797,1.136426326346532,4503,115488,2126,surf,33.59194564819336,False,328.434326171875,0.04,1,1.0002125359131935
199,FuulPath_res0.05.pgm,4,0,-0.006648055804791902,1.1212469608134008,4503,115749,2088,surf,37.24589467048645,False,324.7170715332031,0.04,1,1.000096901947739
200,2RobotsFull_R1_res0.05.pgm,0,0,0.0005652790891373246,41.356948228882835,501,500,367,orb,11.485339641571045,True,0.0,0.01,1,1.0000063860819435
201,2RobotsFull_R1_res0.05.pgm,1,0,-0.0004182308391046776,41.35890410958904,501,500,365,orb,12.808038711547852,True,0.0,0.01,1,1.0000097312672616
202,2RobotsFull_R1_res0.05.pgm,2,0,0.0019034754142027927,40.43360433604336,501,500,369,orb,12.123228788375854,True,0.17458821833133698,0.01,1,0.9999300781592998
203,2RobotsFull_R1_res0.05.pgm,3,0,0.006312651087628286,40.991501416430594,501,500,353,orb,11.772963523864746,True,0.12357885390520096,0.01,1,0.9999824366336485
204,2RobotsFull_R1_res0.05.pgm,4,0,-0.0037410404013402125,40.59078590785908,501,500,369,orb,11.150780200958252,True,0.0,0.01,1,0.999965742089033
205,2RobotsFull_R1_res0.05.pgm,0,0,0.007609757749586551,48.793103448275865,501,500,348,orb,11.57213544845581,True,0.2881160080432892,0.02,1,0.9999999252458189
206,2RobotsFull_R1_res0.05.pgm,1,0,0.0004507451475633746,47.98136645962733,501,500,322,orb,11.186583518981934,True,0.5016759037971497,0.02,1,1.0000804318737737
207,2RobotsFull_R1_res0.05.pgm,2,0,-0.002125491381979122,49.0092879256966,501,500,323,orb,11.3418607711792,True,0.3446427881717682,0.02,1,1.000011962552122
208,2RobotsFull_R1_res0.05.pgm,3,0,-0.0004630091092747338,48.64984227129337,501,500,317,orb,11.275680303573608,True,0.5486665964126587,0.02,1,1.0000006440683933
209,2RobotsFull_R1_res0.05.pgm,4,0,-0.014422697639266983,48.815384615384616,501,500,325,orb,11.288000106811523,True,0.429280161857605,0.02,1,0.9998319595131089
210,2RobotsFull_R1_res0.05.pgm,0,0,0.007184886931848129,51.41346153846154,501,500,312,orb,12.077666997909546,False,150.74740600585938,0.03,1,1.0000718922174194
211,2RobotsFull_R1_res0.05.pgm,1,0,0.0011659051649449267,52.064516129032256,501,500,310,orb,13.392400979995728,False,75.27555084228516,0.03,1,1.0000092053814333
212,2RobotsFull_R1_res0.05.pgm,2,0,0.0021455957104135857,52.30793650793651,501,500,315,orb,12.604705095291138,False,41.260990142822266,0.03,1,1.0000545207398657
213,2RobotsFull_R1_res0.05.pgm,3,0,-0.011439288739612778,52.306451612903224,501,500,310,orb,12.504387140274048,False,116.87677764892578,0.03,1,0.9997800791015862
214,2RobotsFull_R1_res0.05.pgm,4,0,-0.005674897947449244,52.09803921568628,501,500,306,orb,12.64439344406128,False,84.52350616455078,0.03,1,1.0000118800726892
215,2RobotsFull_R1_res0.05.pgm,0,0,-0.01650813876803687,53.85858585858586,501,500,297,orb,11.109792470932007,False,113.75431060791016,0.04,1,0.9998479457253041
216,2RobotsFull_R1_res0.05.pgm,1,0,-0.00027267185491198766,53.892361111111114,501,500,288,orb,12.15267038345337,False,140.29959106445312,0.04,1,0.9999221732837992
217,2RobotsFull_R1_res0.05.pgm,2,0,-0.0024469866004221416,54.387622149837135,501,500,307,orb,10.986992597579956,False,228.40737915039062,0.04,1,0.999950440741538
218,2RobotsFull_R1_res0.05.pgm,3,0,0.00047092014009444104,54.645695364238414,501,500,302,orb,10.700087070465088,False,212.42369079589844,0.04,1,0.999974032276267
219,2RobotsFull_R1_res0.05.pgm,4,0,-0.007294874122565827,54.548701298701296,501,500,308,orb,10.62134075164795,False,156.63441467285156,0.04,1,0.999958806056764
220,2RobotsFull_R2_res0.05.pgm,0,0,-0.0013643860491790443,39.96195652173913,500,500,368,orb,10.207200288772583,True,0.19923163950443268,0.01,1,0.9999236563087467
221,2RobotsFull_R2_res0.05.pgm,1,0,-0.001266810830180208,39.325268817204304,500,500,372,orb,10.199099779129028,True,0.0,0.01,1,0.999932153753418
222,2RobotsFull_R2_res0.05.pgm,2,0,-0.0019090552518444492,39.73297002724796,500,500,367,orb,10.26246690750122,True,0.0562213771045208,0.01,1,0.9999586613493039
223,2RobotsFull_R2_res0.05.pgm,3,0,0.0017244781638327481,38.57066666666667,500,500,375,orb,10.324183702468872,True,0.10879995673894882,0.01,1,0.9999225486152492
224,2RobotsFull_R2_res0.05.pgm,4,0,-0.0018002067720488011,40.84126984126984,500,500,378,orb,10.306379079818726,True,0.169423907995224,0.01,1,1.00008464243292
225,2RobotsFull_R2_res0.05.pgm,0,0,0.002104680987559718,48.45671641791045,500,500,335,orb,10.464583158493042,False,19.024019241333008,0.02,1,0.9999270318103711
226,2RobotsFull_R2_res0.05.pgm,1,0,0.0024991037116534596,48.875757575757575,500,500,330,orb,10.515926837921143,False,36.09109115600586,0.02,1,1.000056108459003
227,2RobotsFull_R2_res0.05.pgm,2,0,0.0058840093431835475,48.260736196319016,500,500,326,orb,10.603200435638428,False,23.671972274780273,0.02,1,0.9999789086703661
228,2RobotsFull_R2_res0.05.pgm,3,0,0.0020000865227798683,48.1044776119403,500,500,335,orb,10.516840934753418,False,17.224281311035156,0.02,1,0.9999589263231528
229,2RobotsFull_R2_res0.05.pgm,4,0,0.009062516191591046,48.891304347826086,500,500,322,orb,10.561960220336914,False,61.50143814086914,0.02,1,0.9998903914387482
230,2RobotsFull_R2_res0.05.pgm,0,0,0.00044178401535566837,51.575079872204476,500,500,313,orb,10.707697868347168,False,52.48903274536133,0.03,1,1.0001418691496402
231,2RobotsFull_R2_res0.05.pgm,1,0,0.005739526879233945,50.98397435897436,500,500,312,orb,10.598331928253174,False,66.69883728027344,0.03,1,1.0000666019743163
232,2RobotsFull_R2_res0.05.pgm,2,0,-0.00789417838131305,52.3353115727003,500,500,337,orb,10.56344485282898,False,65.3558578491211,0.03,1,0.9999633031834749
233,2RobotsFull_R2_res0.05.pgm,3,0,0.002055948844495226,52.85760517799353,500,500,309,orb,10.620282888412476,False,100.57484436035156,0.03,1,0.9998559959132556
234,2RobotsFull_R2_res0.05.pgm,4,0,-0.001262056316407856,51.77210884353742,500,500,294,orb,10.533626556396484,False,159.36065673828125,0.03,1,1.000043443593925
235,2RobotsFull_R2_res0.05.pgm,0,0,0.007701875744757311,53.983333333333334,500,500,300,orb,10.668540477752686,False,171.73309326171875,0.04,1,0.9996884198699788
236,2RobotsFull_R2_res0.05.pgm,1,0,0.0026289270997515908,53.42718446601942,500,500,309,orb,10.703758716583252,False,238.82313537597656,0.04,1,0.999739071352336
237,2RobotsFull_R2_res0.05.pgm,2,0,-0.006974126135465102,53.66555183946488,500,500,299,orb,10.665712594985962,False,208.970703125,0.04,1,0.9999223806978008
238,2RobotsFull_R2_res0.05.pgm,3,0,-0.010890226349426255,53.6764705882353,500,500,306,orb,10.590323209762573,False,224.12013244628906,0.04,1,0.9996780118127467
239,2RobotsFull_R2_res0.05.pgm,4,0,-0.001434740008077067,54.00682593856655,500,500,293,orb,10.679104089736938,False,94.95326232910156,0.04,1,0.9997964068731603
240,MiniOverlap_R1_res0.05.pgm,0,0,-0.0011430484302383166,38.931693989071036,500,500,366,orb,4.707845687866211,True,0.22050152719020844,0.01,1,0.9998177824898499
241,MiniOverlap_R1_res0.05.pgm,1,0,-0.006806105872207278,38.17134831460674,500,500,356,orb,4.622201919555664,True,0.0,0.01,1,1.0000176927805564
242,MiniOverlap_R1_res0.05.pgm,2,0,-0.0003526862335277974,39.33513513513513,500,500,370,orb,4.623222589492798,True,0.20520220696926117,0.01,1,0.9999549455204367
243,MiniOverlap_R1_res0.05.pgm,3,0,-0.0032750234398966037,40.0,500,500,370,orb,4.5731306076049805,True,0.0,0.01,1,0.9999655707394716
244,MiniOverlap_R1_res0.05.pgm,4,0,0.0018665802617770471,39.79775280898876,500,500,356,orb,4.618468523025513,True,0.28057506680488586,0.01,1,0.9999607784731811
245,MiniOverlap_R1_res0.05.pgm,0,0,-0.00965403927607489,46.01497005988024,500,500,334,orb,4.718147039413452,True,0.38899222016334534,0.02,1,0.9999223583124043
246,MiniOverlap_R1_res0.05.pgm,1,0,0.0011612157553074769,46.02023121387283,500,500,346,orb,4.789499044418335,True,0.2667926847934723,0.02,1,0.9999530170896533
247,MiniOverlap_R1_res0.05.pgm,2,0,0.0002750614840769871,48.21752265861027,500,500,331,orb,5.995319366455078,False,2.044332504272461,0.02,1,0.9999717457336779
248,MiniOverlap_R1_res0.05.pgm,3,0,0.0028216730130305617,46.438805970149254,500,500,335,orb,5.2942116260528564,False,1.5693092346191406,0.02,1,0.999980828752372
249,MiniOverlap_R1_res0.05.pgm,4,0,0.005816290589824046,45.895833333333336,500,500,336,orb,5.33927583694458,False,5.100819110870361,0.02,1,0.9997796232667103
250,MiniOverlap_R1_res0.05.pgm,0,0,0.0007353638433970889,50.465625,500,500,320,orb,5.2082085609436035,False,40.32415771484375,0.03,1,0.9997088825640039
251,MiniOverlap_R1_res0.05.pgm,1,0,0.0012599697279324525,50.559375,500,500,320,orb,5.255233526229858,False,99.07301330566406,0.03,1,0.9997243967991354
252,MiniOverlap_R1_res0.05.pgm,2,0,0.0073748881953801925,50.05537459283388,500,500,307,orb,5.055550813674927,False,45.83229446411133,0.03,1,0.9998146457139695
253,MiniOverlap_R1_res0.05.pgm,3,0,-0.004609778663044811,51.293577981651374,500,500,327,orb,4.844756126403809,False,47.048526763916016,0.03,1,1.0001105613811896
254,MiniOverlap_R1_res0.05.pgm,4,0,-0.0022322309881337857,50.21341463414634,500,500,328,orb,4.798878908157349,False,74.04349517822266,0.03,1,1.0000415886599032
255,MiniOverlap_R1_res0.05.pgm,0,0,0.0032536308696732587,53.051446945337624,500,500,311,orb,4.808702230453491,False,116.56483459472656,0.04,1,0.9999842712046004
256,MiniOverlap_R1_res0.05.pgm,1,0,-0.00677486713237838,52.6957928802589,500,500,309,orb,4.766152620315552,False,78.45098114013672,0.04,1,1.0000362529403082
257,MiniOverlap_R1_res0.05.pgm,2,0,-0.012167901070782996,51.983333333333334,500,500,300,orb,4.778583526611328,False,102.50769805908203,0.04,1,0.999984601135287
258,MiniOverlap_R1_res0.05.pgm,3,0,-0.00957072536690443,53.56730769230769,500,500,312,orb,4.778232097625732,False,141.7781982421875,0.04,1,0.9998096068205102
259,MiniOverlap_R1_res0.05.pgm,4,0,-0.006257864317463514,53.26732673267327,500,500,303,orb,4.864145517349243,False,124.77191925048828,0.04,1,0.9998321781659517
260,MiniOverlap_R2_res0.05.pgm,0,0,0.0004880300056078362,38.622950819672134,500,500,366,orb,4.6890082359313965,True,0.10475470125675201,0.01,1,1.0000970851398736
261,MiniOverlap_R2_res0.05.pgm,1,0,0.00033631397249099304,38.94858611825193,500,500,389,orb,4.668607234954834,True,0.017288770526647568,0.01,1,0.999942105058471
262,MiniOverlap_R2_res0.05.pgm,2,0,0.0019979856024150656,39.38461538461539,500,500,377,orb,4.606893539428711,True,0.0,0.01,1,0.9999814622534796
263,MiniOverlap_R2_res0.05.pgm,3,0,3.062743249745848e-05,39.35215053763441,500,500,372,orb,4.610496997833252,True,0.0,0.01,1,1.0000095428396254
264,MiniOverlap_R2_res0.05.pgm,4,0,0.0016614336224984082,40.182561307901906,500,500,367,orb,4.630524396896362,True,0.23095126450061798,0.01,1,1.0001359029827515
265,MiniOverlap_R2_res0.05.pgm,0,0,0.008418796006873688,45.41158536585366,500,500,328,orb,4.710233449935913,False,1.4630979299545288,0.02,1,1.0000033484428303
266,MiniOverlap_R2_res0.05.pgm,1,0,-0.008450512525241363,46.55043227665706,500,500,347,orb,4.770742654800415,True,0.33183181285858154,0.02,1,0.9999384305211118
267,MiniOverlap_R2_res0.05.pgm,2,0,-0.004130845735884994,46.73652694610779,500,500,334,orb,4.688021659851074,True,0.3528599143028259,0.02,1,1.0000565939463961
268,MiniOverlap_R2_res0.05.pgm,3,0,-0.0004373801833345809,46.345238095238095,500,500,336,orb,4.741497278213501,True,0.3953302502632141,0.02,1,0.9999523980120607
269,MiniOverlap_R2_res0.05.pgm,4,0,-0.005628944481736529,46.61959654178674,500,500,347,orb,4.679064989089966,True,0.29446569085121155,0.02,1,0.9999726240524028
270,MiniOverlap_R2_res0.05.pgm,0,0,-0.01090787751463261,49.95652173913044,500,500,322,orb,4.772054433822632,False,35.489444732666016,0.03,1,0.9998806577994884
271,MiniOverlap_R2_res0.05.pgm,1,0,0.004532562220836345,50.88273615635179,500,500,307,orb,4.751872301101685,False,70.45777893066406,0.03,1,1.000030555604723
272,MiniOverlap_R2_res0.05.pgm,2,0,0.003961970866604881,50.635782747603834,500,500,313,orb,4.800804138183594,False,6.722790718078613,0.03,1,0.9999689979171121
273,MiniOverlap_R2_res0.05.pgm,3,0,0.007686307291261929,49.15360501567398,500,500,319,orb,4.751112699508667,False,5.425569534301758,0.03,1,0.9998869360565947
274,MiniOverlap_R2_res0.05.pgm,4,0,0.007061610263553978,50.45625,500,500,320,orb,4.776884078979492,False,3.2741546630859375,0.03,1,1.0001393339731295
275,MiniOverlap_R2_res0.05.pgm,0,0,-0.00954873855362594,53.233552631578945,500,500,304,orb,4.900859117507935,False,56.64979553222656,0.04,1,0.9999030725456056
276,MiniOverlap_R2_res0.05.pgm,1,0,0.009052720719693916,51.5048231511254,500,500,311,orb,4.771888971328735,False,33.233036041259766,0.04,1,1.0000420537452817
277,MiniOverlap_R2_res0.05.pgm,2,0,0.0005466927651182406,52.10958904109589,500,500,292,orb,4.794999599456787,False,67.26688385009766,0.04,1,0.9998816767486491
278,MiniOverlap_R2_res0.05.pgm,3,0,-0.008324657903145004,52.7753164556962,500,500,316,orb,4.742506265640259,False,62.5730094909668,0.04,1,0.9999773055669717
279,MiniOverlap_R2_res0.05.pgm,4,0,-0.006007881418178823,51.653721682847895,500,500,309,orb,4.839749097824097,False,90.13074493408203,0.04,1,0.9999124716136261
280,FuulPath_res0.05.pgm,0,0,-0.0009056965081475065,40.22788203753351,500,500,373,orb,4.6365180015563965,True,0.0,0.01,1,0.9999458959193077
281,FuulPath_res0.05.pgm,1,0,-0.0033495626491645506,40.275204359673026,500,500,367,orb,4.725265026092529,True,0.0,0.01,1,1.000047904595334
282,FuulPath_res0.05.pgm,2,0,0.0001700454881141823,39.827397260273976,500,500,365,orb,4.664876699447632,True,0.0,0.01,1,1.000000101997985
283,FuulPath_res0.05.pgm,3,0,-0.00016545846902393232,40.32795698924731,500,500,372,orb,4.647782802581787,True,0.0,0.01,1,1.0000084943931224
284,FuulPath_res0.05.pgm,4,0,-0.0007122103185820401,39.76063829787234,500,500,376,orb,4.601413011550903,True,0.0,0.01,1,0.9999416825803559
285,FuulPath_res0.05.pgm,0,0,-0.005214122569644297,47.796352583586625,500,500,329,orb,4.729919195175171,True,0.43745478987693787,0.02,1,1.000031528120895
286,FuulPath_res0.05.pgm,1,0,0.0059023189376328136,49.081570996978854,500,500,331,orb,4.72986912727356,False,1.3745629787445068,0.02,1,0.999964905017071
287,FuulPath_res0.05.pgm,2,0,-0.0018475075106638007,47.61702127659574,500,500,329,orb,4.732320547103882,True,0.3947329819202423,0.02,1,0.9999564519165233
288,FuulPath_res0.05.pgm,3,0,-0.0039074992996344406,47.83870967741935,500,500,341,orb,4.738126277923584,True,0.2872884273529053,0.02,1,1.0000334899086571
289,FuulPath_res0.05.pgm,4,0,0.00020004720384371767,47.78507462686567,500,500,335,orb,4.7680323123931885,True,0.29319295287132263,0.02,1,0.9999714380148046
290,FuulPath_res0.05.pgm,0,0,-0.005984053863290885,50.57051282051282,500,500,312,orb,4.743967533111572,False,40.049312591552734,0.03,1,0.99997748608534
291,FuulPath_res0.05.pgm,1,0,-0.006560487707363779,51.01557632398754,500,500,321,orb,4.78874397277832,False,104.66560363769531,0.03,1,0.999922131434643
292,FuulPath_res0.05.pgm,2,0,-0.008629622739161426,50.791798107255524,500,500,317,orb,4.792405605316162,False,36.90681457519531,0.03,1,0.9999827978247038
293,FuulPath_res0.05.pgm,3,0,0.0008021265725539366,51.28616352201258,500,500,318,orb,4.829807281494141,False,39.482723236083984,0.03,1,0.9999014768006421
294,FuulPath_res0.05.pgm,4,0,-0.0060689485584014095,50.89171974522293,500,500,314,orb,4.776077747344971,False,52.21536636352539,0.03,1,0.9999145221164778
295,FuulPath_res0.05.pgm,0,0,-0.006696366027321374,53.236421725239616,500,500,313,orb,4.871716499328613,False,104.73947143554688,0.04,1,0.9999182353661323
296,FuulPath_res0.05.pgm,1,0,-0.005092048551354085,54.16774193548387,500,500,310,orb,4.791720628738403,False,213.4609832763672,0.04,1,1.000058510357263
297,FuulPath_res0.05.pgm,2,0,0.002635675868252881,53.610759493670884,500,500,316,orb,4.7825703620910645,False,187.26768493652344,0.04,1,0.9999241934416166
298,FuulPath_res0.05.pgm,3,0,-0.004483703480740547,52.859872611464965,500,500,314,orb,4.795896530151367,False,72.96357727050781,0.04,1,0.9998394259525074
299,FuulPath_res0.05.pgm,4,0,-0.014120727499811234,53.94,500,500,300,orb,4.860079765319824,False,226.7097625732422,0.04,1,1.0001157706579653
